ID;Priority;Period;Deadline;WCET;FPS Deadline Miss;FPS Executions;FPS Preemptions;Less;EDF Deadline Miss;EDF Executions;EDF Preemptions;Utilization by work;Utilization by calculable overheads
1;6;14000;14000;3492;0;72;0;0;0;72;0;0.24942857142857142;0.002871428571428571
2;5;31000;31000;2597;0;33;5;0;0;33;5;0.0837741935483871;0.001296774193548387
3;4;58000;58000;3890;0;18;4;-3;0;18;7;0.06706896551724138;0.000693103448275862
4;3;68000;68000;17276;0;15;38;3;0;15;35;0.2540588235294118;0.0005911764705882353
5;2;71000;71000;10997;0;14;28;7;0;14;21;0.15488732394366198;0.0005661971830985916
6;1;76000;76000;6393;1;13;14;2;0;13;12;0.08411842105263158;0.0005289473684210527
;;1000000;;;;;89;;;;80;0.8933362990199053;0.0065476272353607;0.899883926255266
;;;;;;;0.10112359550561797;;;;;
