ID;Priority;Period;Deadline;WCET;FPS Deadline Miss;FPS Executions;FPS Preemptions;Less;EDF Deadline Miss;EDF Executions;EDF Preemptions;Utilization by work;Utilization by calculable overheads
1;12;17000;17000;1177;0;59;0;0;0;59;0;0.06923529411764706;0.002364705882352941
2;11;36000;36000;456;0;28;0;0;0;28;0;0.012666666666666666;0.0011166666666666666
3;10;44000;44000;3616;0;23;5;0;0;23;5;0.08218181818181818;0.0009136363636363636
4;9;47000;47000;685;0;22;0;-1;0;22;1;0.014574468085106382;0.0008553191489361703
5;8;54000;54000;4520;0;19;7;0;0;19;7;0.0837037037037037;0.0007444444444444445
6;7;58000;58000;6178;0;18;16;1;0;18;15;0.10651724137931035;0.000693103448275862
7;6;61000;61000;12244;0;17;32;5;0;17;27;0.20072131147540984;0.000659016393442623
8;5;67000;67000;9700;0;15;25;6;0;15;19;0.14477611940298507;0.0006000000000000001
9;4;77000;77000;7;0;13;0;0;0;13;0;9.09090909090909e-05;0.0005220779220779221
10;3;82000;82000;13465;1;12;42;12;0;12;30;0.16420731707317074;0.0004902439024390243
11;2;89000;89000;107;1;11;0;0;0;11;0;0.001202247191011236;0.00045168539325842697
12;1;99000;99000;1007;2;10;3;0;0;10;3;0.010171717171717172;0.0004060606060606061
;;1000000;;;;;130;;;;107;0.8900488135394554;0.009816960171591052;0.8998657737110465
;;;;;;;0.17692307692307693;;;;;
