ID;Priority;Period;Deadline;WCET;FPS Deadline Miss;FPS Executions;FPS Preemptions;Less;EDF Deadline Miss;EDF Executions;EDF Preemptions;Utilization by work;Utilization by calculable overheads
1;6;11000;11000;1261;0;91;0;0;0;91;0;0.11463636363636363;0.0036545454545454546
2;5;21000;21000;3601;0;48;15;1;0;48;14;0.17147619047619048;0.0019142857142857143
3;4;24000;24000;4226;0;42;21;6;0;42;15;0.17608333333333334;0.0016749999999999998
4;3;51000;51000;6314;0;20;21;-2;0;20;23;0.12380392156862745;0.0007882352941176471
5;2;53000;53000;7668;0;19;33;0;0;19;33;0.14467924528301887;0.0007584905660377359
6;1;58000;58000;9265;1;17;45;9;0;17;36;0.15974137931034482;0.000693103448275862
;;1000000;;;;;135;;;;121;0.8904204336078786;0.009483660477262413;0.899904094085141
;;;;;;;0.1037037037037037;;;;;
