ID;Priority;Period;Deadline;WCET;FPS Deadline Miss;FPS Executions;FPS Preemptions;Less;EDF Deadline Miss;EDF Executions;EDF Preemptions;Utilization by work;Utilization by calculable overheads
1;4;22000;22000;3659;0;46;0;0;0;46;0;0.1663181818181818;0.0018272727272727273
2;3;80000;80000;16642;0;13;9;-1;0;13;10;0.208025;0.0005024999999999999
3;2;84000;84000;3582;0;12;3;2;0;12;1;0.04264285714285714;0.00047857142857142857
4;1;97000;97000;46536;2;10;42;9;0;10;33;0.47975257731958765;0.00041443298969072163
;;1000000;;;;;54;;;;44;0.8967386162806266;0.003222777145534877;0.8999613934261614
;;;;;;;0.18518518518518517;;;;;
