ID;Priority;Period;Deadline;WCET;FPS Deadline Miss;FPS Executions;FPS Preemptions;Less;EDF Deadline Miss;EDF Executions;EDF Preemptions;Utilization by work;Utilization by calculable overheads
1;4;18000;18000;2267;0;56;0;0;0;56;0;0.12594444444444444;0.0022333333333333333
2;3;59000;59000;24261;0;17;24;-1;0;17;25;0.41120338983050847;0.0006813559322033898
3;2;62000;62000;14892;0;16;18;3;0;16;15;0.24019354838709678;0.0006483870967741935
4;1;98000;98000;11627;1;10;15;1;0;10;14;0.11864285714285715;0.00041020408163265306
;;1000000;;;;;57;;;;54;0.8959842398049068;0.0039732804439435694;0.8999575202488503
;;;;;;;0.05263157894736842;;;;;
