ID;Priority;Period;Deadline;WCET;FPS Deadline Miss;FPS Executions;FPS Preemptions;Less;EDF Deadline Miss;EDF Executions;EDF Preemptions;Utilization by work;Utilization by calculable overheads
1;6;28000;28000;3054;0;36;0;0;0;36;0;0.10907142857142857;0.0014357142857142856
2;5;31000;31000;412;0;33;0;0;0;33;0;0.01329032258064516;0.001296774193548387
3;4;82000;82000;24406;0;12;22;0;0;12;22;0.2976341463414634;0.0004902439024390243
4;3;89000;89000;30473;0;11;34;5;0;11;29;0.3423932584269663;0.00045168539325842697
5;2;93000;93000;7635;0;11;5;1;0;11;4;0.08209677419354838;0.000432258064516129
6;1;96000;96000;4889;0;11;4;0;0;11;4;0.05092708333333333;0.00041874999999999996
;;1000000;;;;;65;;;;59;0.895413013447385;0.004525425839476253;0.8999384392868612
;;;;;;;0.09230769230769231;;;;;
