ID;Priority;Period;Deadline;WCET;FPS Deadline Miss;FPS Executions;FPS Preemptions;Less;EDF Deadline Miss;EDF Executions;EDF Preemptions;Utilization by work;Utilization by calculable overheads
1;18;19000;19000;3470;0;53;0;0;0;53;0;0.18263157894736842;0.0021157894736842106
2;17;25000;25000;4611;0;40;8;0;0;40;8;0.18444;0.001608
3;16;26000;26000;1473;0;39;3;2;0;39;1;0.05665384615384615;0.001546153846153846
4;15;28000;28000;432;0;36;0;0;0;36;0;0.015428571428571429;0.0014357142857142856
5;14;35000;35000;1130;0;29;2;0;0;29;2;0.032285714285714286;0.0011485714285714285
6;13;36000;36000;671;0;28;1;0;0;28;1;0.01863888888888889;0.0011166666666666666
7;12;38000;38000;95;0;27;0;0;0;27;0;0.0025;0.0010578947368421053
8;11;50000;50000;1511;0;20;4;1;0;20;3;0.03022;0.000804
9;10;52000;52000;76;0;20;0;0;0;20;0;0.0014615384615384616;0.000773076923076923
10;9;53000;53000;1775;0;19;5;0;0;19;5;0.03349056603773585;0.0007584905660377359
11;8;65000;65000;1175;0;16;3;-1;0;16;4;0.018076923076923077;0.0006184615384615384
12;7;70000;70000;2119;0;15;3;-3;0;15;6;0.03027142857142857;0.0005742857142857142
13;6;72000;72000;3256;0;14;8;-5;0;14;13;0.04522222222222222;0.0005583333333333333
14;5;82000;82000;954;0;13;2;0;0;13;2;0.011634146341463415;0.0004902439024390243
15;4;88000;88000;712;0;12;5;0;0;12;5;0.008090909090909091;0.0004568181818181818
16;3;90000;90000;14282;0;11;53;6;0;11;47;0.15868888888888888;0.0004466666666666667
17;2;93000;93000;2841;1;11;22;9;0;11;13;0.030548387096774193;0.000432258064516129
18;1;95000;95000;2200;1;11;9;0;0;11;9;0.023157894736842106;0.0004231578947368421
;;1000000;;;;;128;;;;119;0.8834415042291152;0.01636458322300463;0.8998060874521198
;;;;;;;0.0703125;;;;;
