ID;Priority;Period;Deadline;WCET;FPS Deadline Miss;FPS Executions;FPS Preemptions;Less;EDF Deadline Miss;EDF Executions;EDF Preemptions;Utilization by work;Utilization by calculable overheads
1;6;30000;30000;1677;0;34;0;0;0;34;0;0.0559;0.00134
2;5;31000;31000;2270;0;33;2;2;0;33;0;0.0732258064516129;0.001296774193548387
3;4;37000;37000;2948;0;27;6;3;0;27;3;0.07967567567567567;0.0010864864864864863
4;3;70000;70000;13847;0;15;15;2;0;14;13;0.19781428571428572;0.0005742857142857142
5;2;74000;74000;33704;0;13;50;17;0;13;33;0.4554594594594595;0.0005432432432432432
6;1;79000;79000;2570;0;13;1;1;0;13;0;0.03253164556962025;0.0005088607594936708
;;1000000;;;;;74;;;;49;0.894606872870654;0.0053496503970575015;0.8999565232677115
;;;;;;;0.33783783783783783;;;;;
