ID;Priority;Period;Deadline;WCET;FPS Deadline Miss;FPS Executions;FPS Preemptions;Less;EDF Deadline Miss;EDF Executions;EDF Preemptions;Utilization by work;Utilization by calculable overheads
1;4;24000;24000;37;0;42;0;0;0;42;0;0.0015416666666666667;0.0016749999999999998
2;3;27000;27000;5776;0;37;5;4;0;37;1;0.21392592592592594;0.001488888888888889
3;2;76000;76000;50833;0;13;59;15;0;13;44;0.6688552631578948;0.0005289473684210527
4;1;80000;80000;914;0;13;0;0;0;13;0;0.011425;0.0005024999999999999
;;1000000;;;;;64;;;;45;0.8957478557504874;0.004195336257309942;0.8999431920077974
;;;;;;;0.296875;;;;;
