ID;Priority;Period;Deadline;WCET;FPS Deadline Miss;FPS Executions;FPS Preemptions;Less;EDF Deadline Miss;EDF Executions;EDF Preemptions;Utilization by work;Utilization by calculable overheads
1;6;23000;23000;3713;0;44;0;0;0;44;0;0.16143478260869565;0.0017478260869565217
2;5;24000;24000;9051;0;42;14;14;0;42;0;0.377125;0.0016749999999999998
3;4;28000;28000;3342;0;36;7;4;0;36;3;0.11935714285714286;0.0014357142857142856
4;3;46000;46000;6410;0;22;9;1;0;22;8;0.13934782608695653;0.0008739130434782608
5;2;71000;71000;2596;0;15;11;1;0;15;10;0.03656338028169014;0.0005661971830985916
6;1;82000;82000;4864;1;12;19;0;0;12;19;0.059317073170731704;0.0004902439024390243
;;1000000;;;;;60;;;;40;0.8931452050052169;0.006788894501686684;0.8999340995069036
;;;;;;;0.3333333333333333;;;;;
