ID;Priority;Period;Deadline;WCET;FPS Deadline Miss;FPS Executions;FPS Preemptions;Less;EDF Deadline Miss;EDF Executions;EDF Preemptions;Utilization by work;Utilization by calculable overheads
1;6;34000;34000;3897;0;30;0;0;0;30;0;0.11461764705882353;0.0011823529411764705
2;5;44000;44000;1960;0;23;0;0;0;23;0;0.04454545454545455;0.0009136363636363636
3;4;64000;64000;579;0;16;0;0;0;16;0;0.009046875;0.000628125
4;3;69000;69000;1858;0;15;1;0;0;15;1;0.02692753623188406;0.0005826086956521739
5;2;71000;71000;25943;0;14;21;0;0;14;21;0.3653943661971831;0.0005661971830985916
6;1;89000;89000;29822;2;11;43;19;0;11;24;0.33507865168539325;0.00045168539325842697
;;1000000;;;;;65;;;;46;0.8956105307187385;0.004324605576822026;0.8999351362955605
;;;;;;;0.2923076923076923;;;;;
