ID;Priority;Period;Deadline;WCET;FPS Deadline Miss;FPS Executions;FPS Preemptions;Less;EDF Deadline Miss;EDF Executions;EDF Preemptions;Utilization by work;Utilization by calculable overheads
1;6;21000;21000;335;0;48;0;0;0;48;0;0.015952380952380954;0.0019142857142857143
2;5;23000;23000;1969;0;44;2;1;0;44;1;0.08560869565217391;0.0017478260869565217
3;4;26000;26000;11944;0;38;40;27;0;38;13;0.4593846153846154;0.001546153846153846
4;3;64000;64000;448;0;16;0;0;0;16;0;0.007;0.000628125
5;2;77000;77000;15429;0;13;36;1;0;13;35;0.20037662337662338;0.0005220779220779221
6;1;96000;96000;11979;0;11;32;5;0;11;27;0.12478125;0.00041874999999999996
;;1000000;;;;;110;;;;76;0.8931035653657936;0.006777218569474003;0.8998807839352676
;;;;;;;0.3090909090909091;;;;;
