ID;Priority;Period;Deadline;WCET;FPS Deadline Miss;FPS Executions;FPS Preemptions;Less;EDF Deadline Miss;EDF Executions;EDF Preemptions;Utilization by work;Utilization by calculable overheads
1;4;46000;46000;9273;0;22;0;0;0;22;0;0.20158695652173914;0.0008739130434782608
2;3;54000;54000;5759;0;19;2;-1;0;18;3;0.10664814814814814;0.0007444444444444445
3;2;68000;68000;34085;0;14;25;15;0;15;10;0.50125;0.0005911764705882353
4;1;72000;72000;6315;2;14;7;6;0;14;1;0.08770833333333333;0.0005583333333333333
;;1000000;;;;;34;;;;14;0.8971934380032205;0.002767867291844274;0.8999613052950648
;;;;;;;0.5882352941176471;;;;;
