ID;Priority;Period;Deadline;WCET;FPS Deadline Miss;FPS Executions;FPS Preemptions;Less;EDF Deadline Miss;EDF Executions;EDF Preemptions;Utilization by work;Utilization by calculable overheads
1;4;14000;14000;243;0;72;0;0;0;72;0;0.017357142857142856;0.002871428571428571
2;3;75000;75000;44124;0;13;45;0;0;13;45;0.58832;0.000536
3;2;91000;91000;18161;0;11;14;0;0;11;14;0.19957142857142857;0.0004417582417582418
4;1;95000;95000;8592;0;11;9;0;0;11;9;0.0904421052631579;0.0004231578947368421
;;1000000;;;;;68;;;;68;0.8956906766917292;0.004272344707923655;0.8999630213996529
;;;;;;;0.0;;;;;
