ID;Priority;Period;Deadline;WCET;FPS Deadline Miss;FPS Executions;FPS Preemptions;Less;EDF Deadline Miss;EDF Executions;EDF Preemptions;Utilization by work;Utilization by calculable overheads
1;10;17000;17000;3442;0;59;0;0;0;59;0;0.20247058823529412;0.002364705882352941
2;9;34000;34000;2169;0;30;0;0;0;30;0;0.06379411764705882;0.0011823529411764705
3;8;40000;40000;4338;0;25;5;-1;0;25;6;0.10845;0.0010049999999999998
4;7;49000;49000;12403;0;21;25;2;0;21;23;0.25312244897959185;0.0008204081632653061
5;6;50000;50000;552;0;20;0;0;0;20;0;0.01104;0.000804
6;5;57000;57000;1850;0;18;1;0;0;18;1;0.03245614035087719;0.0007052631578947368
7;4;77000;77000;3573;0;13;5;2;0;13;3;0.046402597402597404;0.0005220779220779221
8;3;81000;81000;5553;0;13;10;-2;0;13;12;0.06855555555555555;0.0004962962962962963
9;2;87000;87000;3205;0;12;9;2;0;12;7;0.036839080459770114;0.00046206896551724135
10;1;93000;93000;6323;1;11;21;4;0;11;17;0.06798924731182796;0.000432258064516129
;;1000000;;;;;76;;;;69;0.8911197759425732;0.008794431393097043;0.8999142073356702
;;;;;;;0.09210526315789473;;;;;
