ID;Priority;Period;Deadline;WCET;FPS Deadline Miss;FPS Executions;FPS Preemptions;Less;EDF Deadline Miss;EDF Executions;EDF Preemptions;Utilization by work;Utilization by calculable overheads
1;10;10000;10000;427;0;100;0;0;0;100;0;0.0427;0.004019999999999999
2;9;10000;10000;699;0;100;0;0;0;100;0;0.0699;0.004019999999999999
3;8;34000;34000;5840;0;30;12;0;0;30;12;0.17176470588235293;0.0011823529411764705
4;7;43000;43000;7434;0;23;24;0;0;23;24;0.17288372093023255;0.0009348837209302325
5;6;47000;47000;114;0;21;1;0;0;21;1;0.002425531914893617;0.0008553191489361703
6;5;58000;58000;1696;0;17;0;-1;0;17;1;0.029241379310344828;0.000693103448275862
7;4;66000;66000;5537;0;15;17;-1;0;15;18;0.0838939393939394;0.0006090909090909092
8;3;77000;77000;1715;0;13;5;0;0;13;5;0.022272727272727274;0.0005220779220779221
9;2;78000;78000;9304;0;13;30;4;0;13;26;0.11928205128205129;0.0005153846153846154
10;1;92000;92000;6589;0;11;19;2;0;11;17;0.07161956521739131;0.0004369565217391304
;;1000000;;;;;108;;;;104;0.7859836212039332;0.013789169227611312;0.7997727904315445
;;;;;;;0.037037037037037035;;;;;
