ID;Priority;Period;Deadline;WCET;FPS Deadline Miss;FPS Executions;FPS Preemptions;Less;EDF Deadline Miss;EDF Executions;EDF Preemptions;Utilization by work;Utilization by calculable overheads
1;10;22000;22000;1701;0;46;0;0;0;46;0;0.07731818181818181;0.0018272727272727273
2;9;27000;27000;2431;0;37;5;1;0;37;4;0.09003703703703704;0.001488888888888889
3;8;44000;44000;2922;0;23;3;-1;0;23;4;0.0664090909090909;0.0009136363636363636
4;7;44000;44000;2939;0;23;2;1;0;23;1;0.06679545454545455;0.0009136363636363636
5;6;45000;45000;19350;0;22;36;9;0;22;27;0.43;0.0008933333333333334
6;5;60000;60000;1255;0;17;1;0;0;17;1;0.020916666666666667;0.00067
7;4;81000;81000;3852;0;13;6;-1;0;13;7;0.04755555555555555;0.0004962962962962963
8;3;87000;87000;6052;0;12;14;3;0;12;11;0.0695632183908046;0.00046206896551724135
9;2;89000;89000;2671;0;11;3;-1;0;11;4;0.03001123595505618;0.00045168539325842697
10;1;92000;92000;3934;1;11;8;1;0;11;7;0.042760869565217394;0.0004369565217391304
;;1000000;;;;;78;;;;66;0.9413673104430648;0.008553774853578772;0.9499210852966435
;;;;;;;0.15384615384615385;;;;;
