ID;Priority;Period;Deadline;WCET;FPS Deadline Miss;FPS Executions;FPS Preemptions;Less;EDF Deadline Miss;EDF Executions;EDF Preemptions;Utilization by work;Utilization by calculable overheads
1;10;12000;12000;1745;0;84;0;0;0;84;0;0.14541666666666667;0.0033499999999999997
2;9;36000;36000;93;0;28;0;-1;0;28;1;0.0025833333333333333;0.0011166666666666666
3;8;40000;40000;4005;0;25;8;1;0;25;7;0.100125;0.0010049999999999998
4;7;47000;47000;3126;0;22;8;0;0;22;8;0.06651063829787233;0.0008553191489361703
5;6;48000;48000;15244;0;21;26;4;0;21;22;0.31758333333333333;0.0008374999999999999
6;5;65000;65000;5397;0;16;18;2;0;16;16;0.08303076923076923;0.0006184615384615384
7;4;66000;66000;2125;0;16;2;-2;0;16;4;0.032196969696969696;0.0006090909090909092
8;3;72000;72000;10806;1;14;33;12;0;14;21;0.15008333333333335;0.0005583333333333333
9;2;77000;77000;593;1;13;2;1;0;13;1;0.007701298701298701;0.0005220779220779221
10;1;90000;90000;3124;5;11;14;0;0;11;14;0.03471111111111111;0.0004466666666666667
;;1000000;;;;;111;;;;94;0.9399424537046878;0.009919116185233204;0.949861569889921
;;;;;;;0.15315315315315314;;;;;
