ID;Priority;Period;Deadline;WCET;FPS Deadline Miss;FPS Executions;FPS Preemptions;Less;EDF Deadline Miss;EDF Executions;EDF Preemptions;Utilization by work;Utilization by calculable overheads
1;4;66000;66000;23901;0;15;1;0;0;15;1;0.36213636363636365;0.0006090909090909092
2;3;77000;77000;6400;0;13;0;0;0;13;0;0.08311688311688312;0.0005220779220779221
3;2;79000;79000;11846;0;13;2;0;0;13;2;0.1499493670886076;0.0005088607594936708
4;1;83000;83000;25120;3;12;14;11;0;12;3;0.30265060240963854;0.00048433734939759034
;;1000000;;;;;17;;;;6;0.897853216251493;0.0021243669400600926;0.8999775831915531
;;;;;;;0.6470588235294118;;;;;
