ID;Priority;Period;Deadline;WCET;FPS Deadline Miss;FPS Executions;FPS Preemptions;Less;EDF Deadline Miss;EDF Executions;EDF Preemptions;Utilization by work;Utilization by calculable overheads
1;10;14000;14000;3628;0;72;0;0;0;72;0;0.2591428571428571;0.002871428571428571
2;9;15000;15000;2044;0;67;8;8;0;67;0;0.13626666666666667;0.00268
3;8;15000;15000;472;0;67;0;0;0;67;0;0.031466666666666664;0.00268
4;7;15000;15000;223;0;67;0;0;0;67;0;0.014866666666666667;0.00268
5;6;21000;21000;1021;0;48;0;0;0;48;0;0.04861904761904762;0.0019142857142857143
6;5;49000;49000;768;0;21;2;0;0;21;2;0.0156734693877551;0.0008204081632653061
7;4;77000;77000;1527;0;13;2;0;0;13;2;0.01983116883116883;0.0005220779220779221
8;3;83000;83000;1501;0;13;4;0;0;13;4;0.01808433734939759;0.00048433734939759034
9;2;93000;93000;2674;0;11;6;0;0;11;6;0.02875268817204301;0.000432258064516129
10;1;96000;96000;1113;0;11;3;0;0;11;3;0.01159375;0.00041874999999999996
;;1000000;;;;;25;;;;17;0.5842973185022693;0.015503545784971233;0.5998008642872406
;;;;;;;0.32;;;;;
