ID;Priority;Period;Deadline;WCET;FPS Deadline Miss;FPS Executions;FPS Preemptions;Less;EDF Deadline Miss;EDF Executions;EDF Preemptions;Utilization by work;Utilization by calculable overheads
1;4;30000;30000;2415;0;34;0;0;0;34;0;0.0805;0.00134
2;3;41000;41000;10618;0;25;9;2;0;25;7;0.25897560975609757;0.0009804878048780487
3;2;44000;44000;14139;0;23;14;6;0;23;8;0.32134090909090907;0.0009136363636363636
4;1;72000;72000;16945;1;14;32;8;0;14;24;0.23534722222222224;0.0005583333333333333
;;1000000;;;;;55;;;;39;0.8961637410692289;0.0037924575018477456;0.8999561985710767
;;;;;;;0.2909090909090909;;;;;
