ID;Priority;Period;Deadline;WCET;FPS Deadline Miss;FPS Executions;FPS Preemptions;Less;EDF Deadline Miss;EDF Executions;EDF Preemptions;Utilization by work;Utilization by calculable overheads
1;4;20000;20000;12024;0;50;0;0;0;50;0;0.6012;0.0020099999999999996
2;3;55000;55000;12511;0;18;19;0;0;18;19;0.22747272727272727;0.0007309090909090909
3;2;57000;57000;3119;0;18;4;0;0;18;4;0.054719298245614036;0.0007052631578947368
4;1;98000;98000;1247;0;10;5;0;0;10;5;0.012724489795918368;0.00041020408163265306
;;1000000;;;;;28;;;;28;0.8961165153142596;0.00385637633043648;0.8999728916446961
;;;;;;;0.0;;;;;
