ID;Priority;Period;Deadline;WCET;FPS Deadline Miss;FPS Executions;FPS Preemptions;Less;EDF Deadline Miss;EDF Executions;EDF Preemptions;Utilization by work;Utilization by calculable overheads
1;10;25000;25000;3369;0;40;0;0;0;40;0;0.13476;0.001608
2;9;35000;35000;4850;0;29;0;-3;0;29;3;0.13857142857142857;0.0011485714285714285
3;8;35000;35000;4882;0;29;6;3;0;29;3;0.1394857142857143;0.0011485714285714285
4;7;51000;51000;1185;0;20;0;0;0;20;0;0.02323529411764706;0.0007882352941176471
5;6;60000;60000;2812;0;17;2;0;0;17;2;0.04686666666666667;0.00067
6;5;66000;66000;1479;0;16;5;0;0;16;5;0.02240909090909091;0.0006090909090909092
7;4;84000;84000;4339;0;12;1;0;0;12;1;0.051654761904761905;0.00047857142857142857
8;3;92000;92000;1542;0;11;1;0;0;11;1;0.01676086956521739;0.0004369565217391304
9;2;93000;93000;11848;0;11;23;2;0;11;21;0.1273978494623656;0.000432258064516129
10;1;93000;93000;3814;0;11;11;2;0;11;9;0.041010752688172045;0.000432258064516129
;;1000000;;;;;49;;;;45;0.7421524281710645;0.007752513139694231;0.7499049413107588
;;;;;;;0.08163265306122448;;;;;
