ID;Priority;Period;Deadline;WCET;FPS Deadline Miss;FPS Executions;FPS Preemptions;Less;EDF Deadline Miss;EDF Executions;EDF Preemptions;Utilization by work;Utilization by calculable overheads
1;6;24000;24000;218;0;42;0;0;0;42;0;0.009083333333333334;0.0016749999999999998
2;5;31000;31000;9216;0;32;12;3;0;32;9;0.29729032258064514;0.001296774193548387
3;4;60000;60000;13263;0;17;13;2;0;17;11;0.22105;0.00067
4;3;72000;72000;4724;0;14;6;-2;0;14;8;0.0656111111111111;0.0005583333333333333
5;2;77000;77000;10334;0;13;17;3;0;13;14;0.13420779220779222;0.0005220779220779221
6;1;99000;99000;16587;1;10;21;2;0;10;19;0.16754545454545455;0.0004060606060606061
;;1000000;;;;;69;;;;61;0.8947880137783363;0.005128246055020248;0.8999162598333565
;;;;;;;0.11594202898550725;;;;;
