ID;Priority;Period;Deadline;WCET;FPS Deadline Miss;FPS Executions;FPS Preemptions;Less;EDF Deadline Miss;EDF Executions;EDF Preemptions;Utilization by work;Utilization by calculable overheads
1;10;13000;13000;429;0;77;0;0;0;77;0;0.033;0.003092307692307692
2;9;35000;35000;2937;0;29;4;0;0;29;4;0.08391428571428572;0.0011485714285714285
3;8;45000;45000;2843;0;23;5;0;0;23;5;0.06317777777777778;0.0008933333333333334
4;7;77000;77000;7914;0;13;12;-1;0;13;13;0.10277922077922078;0.0005220779220779221
5;6;86000;86000;4368;0;12;5;0;0;12;5;0.05079069767441861;0.00046744186046511623
6;5;92000;92000;20996;0;11;33;3;0;11;30;0.22821739130434782;0.0004369565217391304
7;4;94000;94000;663;0;11;1;0;0;11;1;0.0070531914893617025;0.00042765957446808513
8;3;96000;96000;6391;0;11;14;1;0;11;13;0.06657291666666666;0.00041874999999999996
9;2;98000;98000;2265;0;11;3;-3;0;11;6;0.023112244897959183;0.00041020408163265306
10;1;98000;98000;3239;0;11;7;3;0;11;4;0.03305102040816327;0.00041020408163265306
;;1000000;;;;;84;;;;81;0.6916687467122014;0.008227506496228014;0.6998962532084294
;;;;;;;0.03571428571428571;;;;;
