ID;Priority;Period;Deadline;WCET;FPS Deadline Miss;FPS Executions;FPS Preemptions;Less;EDF Deadline Miss;EDF Executions;EDF Preemptions;Utilization by work;Utilization by calculable overheads
1;6;25000;25000;7267;0;40;0;0;0;40;0;0.29068;0.001608
2;5;31000;31000;10028;0;32;13;6;0;32;7;0.32348387096774195;0.001296774193548387
3;4;41000;41000;3267;0;25;5;-2;0;25;7;0.0796829268292683;0.0009804878048780487
4;3;57000;57000;954;0;18;0;-1;0;18;1;0.016736842105263158;0.0007052631578947368
5;2;61000;61000;9330;0;16;38;10;0;16;28;0.15295081967213114;0.000659016393442623
6;1;85000;85000;2610;1;12;8;1;0;12;7;0.030705882352941177;0.0004729411764705882
;;1000000;;;;;64;;;;50;0.8942403419273457;0.005722482726234384;0.8999628246535801
;;;;;;;0.21875;;;;;
