ID;Priority;Period;Deadline;WCET;FPS Deadline Miss;FPS Executions;FPS Preemptions;Less;EDF Deadline Miss;EDF Executions;EDF Preemptions;Utilization by work;Utilization by calculable overheads
1;4;29000;29000;4259;0;35;0;0;0;35;0;0.14686206896551723;0.001386206896551724
2;3;40000;40000;19479;0;25;16;7;0;25;9;0.486975;0.0010049999999999998
3;2;58000;58000;7607;0;18;9;5;0;18;4;0.1311551724137931;0.000693103448275862
4;1;99000;99000;13013;1;10;16;2;0;10;14;0.13144444444444445;0.0004060606060606061
;;1000000;;;;;41;;;;27;0.8964366858237549;0.0034903709508881916;0.8999270567746431
;;;;;;;0.34146341463414637;;;;;
