ID;Priority;Period;Deadline;WCET;FPS Deadline Miss;FPS Executions;FPS Preemptions;Less;EDF Deadline Miss;EDF Executions;EDF Preemptions;Utilization by work;Utilization by calculable overheads
1;10;16000;16000;1432;0;63;0;0;0;63;0;0.0895;0.0025125
2;9;16000;16000;1057;0;63;0;0;0;63;0;0.0660625;0.0025125
3;8;23000;23000;31;0;44;0;0;0;44;0;0.0013478260869565217;0.0017478260869565217
4;7;38000;38000;2031;0;27;6;0;0;27;6;0.05344736842105263;0.0010578947368421053
5;6;39000;39000;633;0;26;0;0;0;26;0;0.01623076923076923;0.0010307692307692307
6;5;45000;45000;709;0;23;0;0;0;23;0;0.015755555555555554;0.0008933333333333334
7;4;60000;60000;1474;0;17;2;0;0;17;2;0.024566666666666667;0.00067
8;3;63000;63000;10157;0;16;30;0;0;16;30;0.1612222222222222;0.0006380952380952382
9;2;70000;70000;2015;0;15;7;-1;0;15;8;0.028785714285714286;0.0005742857142857142
10;1;70000;70000;2151;0;15;4;1;0;15;3;0.030728571428571428;0.0005742857142857142
;;1000000;;;;;49;;;;49;0.48764719389750855;0.012211490054567859;0.4998586839520764
;;;;;;;0.0;;;;;
