ID;Priority;Period;Deadline;WCET;FPS Deadline Miss;FPS Executions;FPS Preemptions;Less;EDF Deadline Miss;EDF Executions;EDF Preemptions;Utilization by work;Utilization by calculable overheads
1;10;12000;12000;3722;0;84;0;0;0;84;0;0.31016666666666665;0.0033499999999999997
2;9;17000;17000;1008;0;59;5;0;0;59;5;0.059294117647058824;0.002364705882352941
3;8;26000;26000;1810;0;39;5;0;0;39;5;0.06961538461538462;0.001546153846153846
4;7;30000;30000;146;0;34;0;0;0;34;0;0.004866666666666667;0.00134
5;6;40000;40000;416;0;25;1;0;0;25;1;0.0104;0.0010049999999999998
6;5;46000;46000;1797;0;22;5;0;0;22;5;0.03906521739130435;0.0008739130434782608
7;4;54000;54000;556;0;19;2;0;0;19;2;0.010296296296296296;0.0007444444444444445
8;3;75000;75000;2472;0;14;8;0;0;14;8;0.03296;0.000536
9;2;77000;77000;6437;0;13;23;0;0;13;23;0.0835974025974026;0.0005220779220779221
10;1;82000;82000;1382;0;13;6;0;0;13;6;0.016853658536585367;0.0004902439024390243
;;1000000;;;;;55;;;;55;0.6371154104173654;0.01277253904094644;0.6498879494583119
;;;;;;;0.0;;;;;
