ID;Priority;Period;Deadline;WCET;FPS Deadline Miss;FPS Executions;FPS Preemptions;Less;EDF Deadline Miss;EDF Executions;EDF Preemptions;Utilization by work;Utilization by calculable overheads
1;4;70000;70000;6955;0;15;0;0;0;14;0;0.09935714285714285;0.0005742857142857142
2;3;87000;87000;10604;0;12;2;2;0;12;0;0.12188505747126437;0.00046206896551724135
3;2;95000;95000;52495;0;10;17;12;0;10;5;0.5525789473684211;0.0004231578947368421
4;1;99000;99000;12306;1;10;4;4;0;10;0;0.1243030303030303;0.0004060606060606061
;;1000000;;;;;23;;;;5;0.8981241779998586;0.0018655731806004037;0.899989751180459
;;;;;;;0.782608695652174;;;;;
