ID;Priority;Period;Deadline;WCET;FPS Deadline Miss;FPS Executions;FPS Preemptions;Less;EDF Deadline Miss;EDF Executions;EDF Preemptions;Utilization by work;Utilization by calculable overheads
1;10;26000;26000;1468;0;39;0;0;0;39;0;0.05646153846153846;0.001546153846153846
2;9;33000;33000;1705;0;31;1;0;0;31;1;0.051666666666666666;0.0012181818181818183
3;8;44000;44000;86;0;23;0;0;0;23;0;0.0019545454545454545;0.0009136363636363636
4;7;47000;47000;6076;0;22;12;3;0;22;9;0.12927659574468084;0.0008553191489361703
5;6;54000;54000;13443;0;19;19;3;0;19;16;0.24894444444444444;0.0007444444444444445
6;5;63000;63000;4900;0;16;7;-1;0;16;8;0.07777777777777778;0.0006380952380952382
7;4;70000;70000;13441;0;14;32;11;0;14;21;0.19201428571428572;0.0005742857142857142
8;3;70000;70000;2819;1;14;6;-1;0;15;7;0.04027142857142857;0.0005742857142857142
9;2;73000;73000;5322;1;14;21;10;0;14;11;0.0729041095890411;0.0005506849315068494
10;1;85000;85000;1745;1;12;3;-3;0;12;6;0.020529411764705883;0.0004729411764705882
;;1000000;;;;;101;;;;79;0.8918008041891149;0.008088028395996746;0.8998888325851117
;;;;;;;0.21782178217821782;;;;;
