ID;Priority;Period;Deadline;WCET;FPS Deadline Miss;FPS Executions;FPS Preemptions;Less;EDF Deadline Miss;EDF Executions;EDF Preemptions;Utilization by work;Utilization by calculable overheads
1;10;43000;43000;1423;0;24;0;0;0;24;0;0.03309302325581395;0.0009348837209302325
2;9;60000;60000;7402;0;17;3;2;0;17;1;0.12336666666666667;0.00067
3;8;68000;68000;13134;0;15;8;2;0;15;6;0.19314705882352942;0.0005911764705882353
4;7;68000;68000;344;0;15;0;0;0;15;0;0.005058823529411765;0.0005911764705882353
5;6;87000;87000;21998;0;12;9;0;0;12;9;0.25285057471264366;0.00046206896551724135
6;5;88000;88000;7;0;12;0;0;0;12;0;7.954545454545455e-05;0.0004568181818181818
7;4;90000;90000;5612;0;11;6;3;0;11;3;0.06235555555555555;0.0004466666666666667
8;3;90000;90000;11812;0;11;9;3;0;11;6;0.13124444444444444;0.0004466666666666667
9;2;92000;92000;1474;0;11;1;1;0;11;0;0.01602173913043478;0.0004369565217391304
10;1;97000;97000;2644;1;10;4;3;0;11;1;0.027257731958762885;0.00041443298969072163
;;1000000;;;;;40;;;;26;0.8444751635318086;0.005450846654205312;0.849926010186014
;;;;;;;0.35;;;;;
