ID;Priority;Period;Deadline;WCET;FPS Deadline Miss;FPS Executions;FPS Preemptions;Less;EDF Deadline Miss;EDF Executions;EDF Preemptions;Utilization by work;Utilization by calculable overheads
1;6;33000;33000;2784;0;31;0;0;0;31;0;0.08436363636363636;0.0012181818181818183
2;5;42000;42000;9995;0;24;6;2;0;24;4;0.23797619047619048;0.0009571428571428571
3;4;49000;49000;3033;0;21;2;0;0;21;2;0.06189795918367347;0.0008204081632653061
4;3;70000;70000;4490;0;15;2;-2;0;14;4;0.06414285714285714;0.0005742857142857142
5;2;79000;79000;10551;0;13;12;-1;0;13;13;0.13355696202531644;0.0005088607594936708
6;1;95000;95000;29782;1;10;45;17;0;10;28;0.31349473684210527;0.0004231578947368421
;;1000000;;;;;67;;;;51;0.8954323420337792;0.004502037207106209;0.8999343792408854
;;;;;;;0.23880597014925373;;;;;
