ID;Priority;Period;Deadline;WCET;FPS Deadline Miss;FPS Executions;FPS Preemptions;Less;EDF Deadline Miss;EDF Executions;EDF Preemptions;Utilization by work;Utilization by calculable overheads
1;4;24000;24000;1850;0;42;0;0;0;42;0;0.07708333333333334;0.0016749999999999998
2;3;43000;43000;4428;0;24;4;0;0;24;4;0.1029767441860465;0.0009348837209302325
3;2;62000;62000;15876;0;16;19;5;0;16;14;0.25606451612903225;0.0006483870967741935
4;1;92000;92000;42333;1;11;44;10;0;11;34;0.4601413043478261;0.0004369565217391304
;;1000000;;;;;67;;;;52;0.8962658979962381;0.0036952273394435563;0.8999611253356817
;;;;;;;0.22388059701492538;;;;;
