ID;Priority;Period;Deadline;WCET;FPS Deadline Miss;FPS Executions;FPS Preemptions;Less;EDF Deadline Miss;EDF Executions;EDF Preemptions;Utilization by work;Utilization by calculable overheads
1;4;34000;34000;4610;0;30;0;0;0;30;0;0.13558823529411765;0.0011823529411764705
2;3;63000;63000;4034;0;16;2;-1;0;16;3;0.06403174603174604;0.0006380952380952382
3;2;68000;68000;35207;0;15;21;21;0;15;0;0.51775;0.0005911764705882353
4;1;98000;98000;17617;2;10;10;5;0;10;5;0.17976530612244898;0.00041020408163265306
;;1000000;;;;;33;;;;8;0.8971352874483127;0.0028218287314925967;0.8999571161798053
;;;;;;;0.7575757575757576;;;;;
