ID;Priority;Period;Deadline;WCET;FPS Deadline Miss;FPS Executions;FPS Preemptions;Less;EDF Deadline Miss;EDF Executions;EDF Preemptions;Utilization by work;Utilization by calculable overheads
1;10;10000;10000;1216;0;100;0;0;0;100;0;0.1216;0.004019999999999999
2;9;23000;23000;5010;0;44;22;0;0;44;22;0.21782608695652175;0.0017478260869565217
3;8;27000;27000;1772;0;37;5;-4;0;37;9;0.06562962962962963;0.001488888888888889
4;7;27000;27000;763;0;37;7;4;0;37;3;0.02825925925925926;0.001488888888888889
5;6;37000;37000;2590;0;27;11;1;0;27;10;0.07;0.0010864864864864863
6;5;39000;39000;1075;0;26;7;1;0;26;6;0.027564102564102563;0.0010307692307692307
7;4;47000;47000;220;0;22;0;0;0;22;0;0.004680851063829788;0.0008553191489361703
8;3;63000;63000;1313;0;16;4;0;0;16;4;0.02084126984126984;0.0006380952380952382
9;2;85000;85000;5963;0;12;15;0;0;12;15;0.07015294117647058;0.0004729411764705882
10;1;90000;90000;901;0;12;2;0;0;12;2;0.010011111111111111;0.0004466666666666667
;;1000000;;;;;73;;;;71;0.6365652516021946;0.013275881812158679;0.6498411334143532
;;;;;;;0.0273972602739726;;;;;
