ID;Priority;Period;Deadline;WCET;FPS Deadline Miss;FPS Executions;FPS Preemptions;Less;EDF Deadline Miss;EDF Executions;EDF Preemptions;Utilization by work;Utilization by calculable overheads
1;10;10000;10000;361;0;100;0;0;0;100;0;0.0361;0.004019999999999999
2;9;20000;20000;2342;0;50;0;0;0;50;0;0.1171;0.0020099999999999996
3;8;28000;28000;511;0;36;0;0;0;36;0;0.01825;0.0014357142857142856
4;7;30000;30000;2137;0;34;4;4;0;34;0;0.07123333333333333;0.00134
5;6;31000;31000;551;0;33;0;0;0;33;0;0.017774193548387097;0.001296774193548387
6;5;48000;48000;4619;0;21;18;0;0;21;18;0.09622916666666667;0.0008374999999999999
7;4;57000;57000;4283;0;18;11;1;0;18;10;0.07514035087719298;0.0007052631578947368
8;3;74000;74000;1093;0;14;0;-1;0;14;1;0.01477027027027027;0.0005432432432432432
9;2;90000;90000;4499;0;12;9;0;0;12;9;0.04998888888888889;0.0004466666666666667
10;1;91000;91000;21857;0;11;66;5;0;11;61;0.24018681318681318;0.0004417582417582418
;;1000000;;;;;108;;;;99;0.7367730167715525;0.01307691978882556;0.749849936560378
;;;;;;;0.08333333333333333;;;;;
