ID;Priority;Period;Deadline;WCET;FPS Deadline Miss;FPS Executions;FPS Preemptions;Less;EDF Deadline Miss;EDF Executions;EDF Preemptions;Utilization by work;Utilization by calculable overheads
1;10;36000;36000;812;0;28;0;0;0;28;0;0.022555555555555554;0.0011166666666666666
2;9;36000;36000;789;0;28;0;0;0;28;0;0.021916666666666668;0.0011166666666666666
3;8;41000;41000;63;0;25;0;0;0;25;0;0.0015365853658536586;0.0009804878048780487
4;7;51000;51000;54;0;20;0;0;0;20;0;0.0010588235294117646;0.0007882352941176471
5;6;61000;61000;2260;0;17;4;3;0;17;1;0.03704918032786885;0.000659016393442623
6;5;64000;64000;10633;0;16;9;-5;0;16;14;0.166140625;0.000628125
7;4;76000;76000;1071;0;14;4;2;0;14;2;0.014092105263157895;0.0005289473684210527
8;3;82000;82000;38758;0;12;55;25;0;12;30;0.47265853658536583;0.0004902439024390243
9;2;83000;83000;129;0;12;0;0;0;12;0;0.0015542168674698795;0.00048433734939759034
10;1;90000;90000;9372;0;11;15;8;0;11;7;0.10413333333333333;0.0004466666666666667
;;1000000;;;;;87;;;;54;0.8426956284946834;0.007239393112695986;0.8499350216073793
;;;;;;;0.3793103448275862;;;;;
