ID;Priority;Period;Deadline;WCET;FPS Deadline Miss;FPS Executions;FPS Preemptions;Less;EDF Deadline Miss;EDF Executions;EDF Preemptions;Utilization by work;Utilization by calculable overheads
1;6;11000;11000;4646;0;91;0;0;0;91;0;0.4223636363636364;0.0036545454545454546
2;5;16000;16000;679;0;63;0;0;0;63;0;0.0424375;0.0025125
3;4;32000;32000;2051;0;32;6;0;0;32;6;0.06409375;0.00125625
4;3;37000;37000;1747;0;27;6;0;0;27;6;0.04721621621621622;0.0010864864864864863
5;2;70000;70000;8676;0;14;33;-4;0;14;37;0.12394285714285715;0.0005742857142857142
6;1;98000;98000;18657;0;10;58;6;0;10;52;0.19037755102040815;0.00041020408163265306
;;1000000;;;;;103;;;;101;0.890431510743118;0.009494271736950308;0.8999257824800683
;;;;;;;0.019417475728155338;;;;;
