ID;Priority;Period;Deadline;WCET;FPS Deadline Miss;FPS Executions;FPS Preemptions;Less;EDF Deadline Miss;EDF Executions;EDF Preemptions;Utilization by work;Utilization by calculable overheads
1;6;25000;25000;4904;0;40;0;0;0;40;0;0.19616;0.001608
2;5;36000;36000;875;0;28;0;0;0;28;0;0.024305555555555556;0.0011166666666666666
3;4;41000;41000;4419;0;25;6;1;0;25;5;0.10778048780487805;0.0009804878048780487
4;3;61000;61000;7854;0;17;15;-4;0;17;19;0.12875409836065574;0.000659016393442623
5;2;87000;87000;33407;0;11;58;12;0;11;46;0.38398850574712645;0.00046206896551724135
6;1;90000;90000;4830;1;11;7;4;0;11;3;0.05366666666666667;0.0004466666666666667
;;1000000;;;;;86;;;;73;0.8946553141348824;0.005272906497171246;0.8999282206320537
;;;;;;;0.1511627906976744;;;;;
