ID;Priority;Period;Deadline;WCET;FPS Deadline Miss;FPS Executions;FPS Preemptions;Less;EDF Deadline Miss;EDF Executions;EDF Preemptions;Utilization by work;Utilization by calculable overheads
1;10;11000;11000;148;0;91;0;0;0;91;0;0.013454545454545455;0.0036545454545454546
2;9;18000;18000;868;0;56;0;-1;0;56;1;0.04822222222222222;0.0022333333333333333
3;8;24000;24000;7816;0;42;40;13;0;42;27;0.32566666666666666;0.0016749999999999998
4;7;27000;27000;2724;0;37;11;0;0;37;11;0.10088888888888889;0.001488888888888889
5;6;28000;28000;459;0;36;6;2;0;36;4;0.016392857142857143;0.0014357142857142856
6;5;30000;30000;264;0;34;2;0;0;34;2;0.0088;0.00134
7;4;62000;62000;4206;0;17;14;0;0;17;14;0.06783870967741935;0.0006483870967741935
8;3;64000;64000;451;0;16;0;0;0;16;0;0.007046875;0.000628125
9;2;67000;67000;2289;0;15;9;0;0;15;9;0.03416417910447761;0.0006000000000000001
10;1;95000;95000;1250;0;11;4;0;0;11;4;0.013157894736842105;0.0004231578947368421
;;1000000;;;;;86;;;;72;0.6356328388939195;0.014127151953992995;0.6497599908479125
;;;;;;;0.16279069767441862;;;;;
