ID;Priority;Period;Deadline;WCET;FPS Deadline Miss;FPS Executions;FPS Preemptions;Less;EDF Deadline Miss;EDF Executions;EDF Preemptions;Utilization by work;Utilization by calculable overheads
1;4;22000;22000;2723;0;46;0;0;0;46;0;0.12377272727272727;0.0018272727272727273
2;3;63000;63000;4263;0;16;3;2;0;16;1;0.06766666666666667;0.0006380952380952382
3;2;70000;70000;9464;0;15;6;-2;0;15;8;0.1352;0.0005742857142857142
4;1;90000;90000;51282;1;11;51;16;0;11;35;0.5698;0.0004466666666666667
;;1000000;;;;;60;;;;44;0.8964393939393939;0.0034863203463203467;0.8999257142857142
;;;;;;;0.26666666666666666;;;;;
