ID;Priority;Period;Deadline;WCET;FPS Deadline Miss;FPS Executions;FPS Preemptions;Less;EDF Deadline Miss;EDF Executions;EDF Preemptions;Utilization by work;Utilization by calculable overheads
1;10;11000;11000;908;0;91;0;0;0;91;0;0.08254545454545455;0.0036545454545454546
2;9;13000;13000;96;0;77;0;0;0;77;0;0.0073846153846153844;0.003092307692307692
3;8;16000;16000;1434;0;63;11;0;0;63;11;0.089625;0.0025125
4;7;38000;38000;2382;0;27;12;0;0;27;12;0.06268421052631579;0.0010578947368421053
5;6;51000;51000;2456;0;20;10;0;0;20;10;0.04815686274509804;0.0007882352941176471
6;5;67000;67000;3747;0;15;14;1;0;15;13;0.05592537313432836;0.0006000000000000001
7;4;70000;70000;501;0;15;0;0;0;15;0;0.007157142857142857;0.0005742857142857142
8;3;71000;71000;3674;0;15;11;0;0;15;11;0.05174647887323944;0.0005661971830985916
9;2;87000;87000;14658;0;12;63;4;0;12;59;0.16848275862068965;0.00046206896551724135
10;1;92000;92000;1136;0;11;1;0;0;11;1;0.012347826086956521;0.0004369565217391304
;;1000000;;;;;122;;;;117;0.5860557227738405;0.013744991562453575;0.5998007143362941
;;;;;;;0.040983606557377046;;;;;
