ID;Priority;Period;Deadline;WCET;FPS Deadline Miss;FPS Executions;FPS Preemptions;Less;EDF Deadline Miss;EDF Executions;EDF Preemptions;Utilization by work;Utilization by calculable overheads
1;10;22000;22000;1428;0;46;0;0;0;46;0;0.0649090909090909;0.0018272727272727273
2;9;23000;23000;1414;0;44;2;2;0;44;0;0.06147826086956522;0.0017478260869565217
3;8;36000;36000;157;0;28;0;0;0;28;0;0.004361111111111111;0.0011166666666666666
4;7;47000;47000;6587;0;22;15;0;0;22;15;0.14014893617021276;0.0008553191489361703
5;6;63000;63000;5153;0;16;8;0;0;16;8;0.0817936507936508;0.0006380952380952382
6;5;64000;64000;5563;0;16;13;0;0;16;13;0.086921875;0.000628125
7;4;78000;78000;527;0;13;0;0;0;13;0;0.006756410256410257;0.0005153846153846154
8;3;85000;85000;831;0;12;0;0;0;12;0;0.009776470588235294;0.0004729411764705882
9;2;88000;88000;8711;0;12;18;1;0;12;17;0.09898863636363636;0.0004568181818181818
10;1;96000;96000;3461;0;11;7;0;0;11;7;0.03605208333333333;0.00041874999999999996
;;1000000;;;;;63;;;;60;0.591186525395246;0.00867719884160071;0.5998637242368466
;;;;;;;0.047619047619047616;;;;;
