ID;Priority;Period;Deadline;WCET;FPS Deadline Miss;FPS Executions;FPS Preemptions;Less;EDF Deadline Miss;EDF Executions;EDF Preemptions;Utilization by work;Utilization by calculable overheads
1;10;13000;13000;1270;0;77;0;0;0;77;0;0.09769230769230769;0.003092307692307692
2;9;22000;22000;1400;0;46;3;0;0;46;3;0.06363636363636363;0.0018272727272727273
3;8;37000;37000;2828;0;27;8;0;0;27;8;0.07643243243243243;0.0010864864864864863
4;7;41000;41000;342;0;25;1;0;0;25;1;0.008341463414634147;0.0009804878048780487
5;6;49000;49000;1434;0;21;4;-1;0;21;5;0.02926530612244898;0.0008204081632653061
6;5;50000;50000;1300;0;20;3;-1;0;20;4;0.026;0.000804
7;4;53000;53000;7040;0;19;24;6;0;19;18;0.1328301886792453;0.0007584905660377359
8;3;64000;64000;9075;0;16;38;1;0;16;37;0.141796875;0.000628125
9;2;65000;65000;89;0;16;1;1;0;16;0;0.0013692307692307693;0.0006184615384615384
10;1;78000;78000;887;0;13;1;0;0;13;1;0.011371794871794872;0.0005153846153846154
;;1000000;;;;;83;;;;77;0.5887359626184578;0.01113142459409415;0.599867387212552
;;;;;;;0.07228915662650602;;;;;
