ID;Priority;Period;Deadline;WCET;FPS Deadline Miss;FPS Executions;FPS Preemptions;Less;EDF Deadline Miss;EDF Executions;EDF Preemptions;Utilization by work;Utilization by calculable overheads
1;4;17000;17000;580;0;59;0;0;0;59;0;0.03411764705882353;0.002364705882352941
2;3;32000;32000;7271;0;32;14;3;0;32;11;0.22721875;0.00125625
3;2;67000;67000;3277;0;15;4;-2;0;15;6;0.04891044776119403;0.0006000000000000001
4;1;96000;96000;56166;0;10;63;13;0;10;50;0.5850625;0.00041874999999999996
;;1000000;;;;;81;;;;67;0.8953093448200176;0.004639705882352941;0.8999490507023705
;;;;;;;0.1728395061728395;;;;;
