ID;Priority;Period;Deadline;WCET;FPS Deadline Miss;FPS Executions;FPS Preemptions;Less;EDF Deadline Miss;EDF Executions;EDF Preemptions;Utilization by work;Utilization by calculable overheads
1;4;36000;36000;9967;0;28;0;0;0;28;0;0.2768611111111111;0.0011166666666666666
2;3;41000;41000;9858;0;25;6;3;0;25;3;0.2404390243902439;0.0009804878048780487
3;2;59000;59000;2316;0;17;1;0;0;17;1;0.039254237288135596;0.0006813559322033898
4;1;66000;66000;22440;1;15;31;17;0;15;14;0.34;0.0006090909090909092
;;1000000;;;;;38;;;;18;0.8965543727894907;0.003387601312839014;0.8999419741023297
;;;;;;;0.5263157894736842;;;;;
