ID;Priority;Period;Deadline;WCET;FPS Deadline Miss;FPS Executions;FPS Preemptions;Less;EDF Deadline Miss;EDF Executions;EDF Preemptions;Utilization by work;Utilization by calculable overheads
1;4;17000;17000;7754;0;59;0;0;0;59;0;0.4561176470588235;0.002364705882352941
2;3;32000;32000;824;0;32;0;0;0;32;0;0.02575;0.00125625
3;2;77000;77000;3496;0;13;2;0;0;13;2;0.0454025974025974;0.0005220779220779221
4;1;78000;78000;28703;0;13;55;4;0;13;51;0.36798717948717946;0.0005153846153846154
;;1000000;;;;;57;;;;53;0.8952574239486004;0.0046584184198154785;0.8999158423684159
;;;;;;;0.07017543859649122;;;;;
