ID;Priority;Period;Deadline;WCET;FPS Deadline Miss;FPS Executions;FPS Preemptions;Less;EDF Deadline Miss;EDF Executions;EDF Preemptions;Utilization by work;Utilization by calculable overheads
1;6;28000;28000;7760;0;36;0;0;0;36;0;0.27714285714285714;0.0014357142857142856
2;5;67000;67000;13302;0;15;7;-1;0;15;8;0.19853731343283582;0.0006000000000000001
3;4;74000;74000;13785;0;14;11;3;0;14;8;0.1862837837837838;0.0005432432432432432
4;3;94000;94000;6798;0;11;4;0;0;11;4;0.07231914893617021;0.00042765957446808513
5;2;95000;95000;10128;1;11;11;2;0;11;9;0.10661052631578948;0.0004231578947368421
6;1;100000;100000;5523;1;10;7;2;0;10;5;0.05523;0.000402
;;1000000;;;;;40;;;;34;0.8961236296114364;0.0038317749981624555;0.8999554046095989
;;;;;;;0.15;;;;;
