ID;Priority;Period;Deadline;WCET;FPS Deadline Miss;FPS Executions;FPS Preemptions;Less;EDF Deadline Miss;EDF Executions;EDF Preemptions;Utilization by work;Utilization by calculable overheads
1;4;58000;58000;8878;0;18;0;0;0;18;0;0.1530689655172414;0.000693103448275862
2;3;82000;82000;39128;0;12;9;3;0;12;6;0.47717073170731705;0.0004902439024390243
3;2;86000;86000;5828;0;12;2;1;0;12;1;0.06776744186046511;0.00046744186046511623
4;1;88000;88000;17587;0;11;5;3;0;12;2;0.19985227272727274;0.0004568181818181818
;;1000000;;;;;16;;;;9;0.8978594118122962;0.0021076073929981844;0.8999670192052944
;;;;;;;0.4375;;;;;
