ID;Priority;Period;Deadline;WCET;FPS Deadline Miss;FPS Executions;FPS Preemptions;Less;EDF Deadline Miss;EDF Executions;EDF Preemptions;Utilization by work;Utilization by calculable overheads
1;4;33000;33000;27664;0;30;1;0;0;30;1;0.8383030303030303;0.0012181818181818183
2;3;36000;36000;620;0;28;0;0;0;28;0;0.017222222222222222;0.0011166666666666666
3;2;63000;63000;83;0;16;0;0;0;16;0;0.0013174603174603175;0.0006380952380952382
4;1;67000;67000;2650;0;15;2;0;0;15;2;0.03955223880597015;0.0006000000000000001
;;1000000;;;;;3;;;;3;0.896394951648683;0.0035729437229437225;0.8999678953716267
;;;;;;;0.0;;;;;
