ID;Priority;Period;Deadline;WCET;FPS Deadline Miss;FPS Executions;FPS Preemptions;Less;EDF Deadline Miss;EDF Executions;EDF Preemptions;Utilization by work;Utilization by calculable overheads
1;6;13000;13000;6627;0;77;0;0;0;77;0;0.5097692307692308;0.003092307692307692
2;5;31000;31000;4737;0;33;10;-9;0;32;19;0.15280645161290324;0.001296774193548387
3;4;31000;31000;3515;0;32;26;9;0;33;17;0.11338709677419355;0.001296774193548387
4;3;52000;52000;262;0;19;1;0;0;19;1;0.0050384615384615385;0.000773076923076923
5;2;92000;92000;9106;0;11;22;0;0;11;22;0.09897826086956522;0.0004369565217391304
6;1;97000;97000;1226;0;11;3;2;0;11;1;0.012639175257731958;0.00041443298969072163
;;1000000;;;;;62;;;;60;0.8926186768220863;0.007310322513911242;0.8999289993359976
;;;;;;;0.03225806451612903;;;;;
