ID;Priority;Period;Deadline;WCET;FPS Deadline Miss;FPS Executions;FPS Preemptions;Less;EDF Deadline Miss;EDF Executions;EDF Preemptions;Utilization by work;Utilization by calculable overheads
1;6;10000;10000;556;0;100;0;0;0;100;0;0.0556;0.004019999999999999
2;5;41000;41000;4459;0;25;8;-2;0;25;10;0.10875609756097561;0.0009804878048780487
3;4;44000;44000;2456;0;23;7;3;0;23;4;0.055818181818181815;0.0009136363636363636
4;3;51000;51000;25;0;20;0;0;0;20;0;0.0004901960784313725;0.0007882352941176471
5;2;63000;63000;27224;0;16;70;9;0;16;61;0.43212698412698414;0.0006380952380952382
6;1;80000;80000;19143;1;12;54;14;0;12;40;0.2392875;0.0005024999999999999
;;1000000;;;;;139;;;;115;0.892078959584573;0.007842954700727297;0.8999219142853002
;;;;;;;0.17266187050359713;;;;;
