ID;Priority;Period;Deadline;WCET;FPS Deadline Miss;FPS Executions;FPS Preemptions;Less;EDF Deadline Miss;EDF Executions;EDF Preemptions;Utilization by work;Utilization by calculable overheads
1;6;26000;26000;13202;0;38;1;0;0;38;1;0.5077692307692308;0.001546153846153846
2;5;40000;40000;88;0;25;0;0;0;25;0;0.0022;0.0010049999999999998
3;4;43000;43000;3309;0;23;4;0;0;23;4;0.07695348837209302;0.0009348837209302325
4;3;64000;64000;6308;0;16;11;0;0;16;11;0.0985625;0.000628125
5;2;70000;70000;10839;0;14;25;4;0;14;21;0.15484285714285714;0.0005742857142857142
6;1;91000;91000;4960;1;11;8;1;0;11;7;0.05450549450549451;0.0004417582417582418
;;1000000;;;;;49;;;;44;0.8948335707896754;0.005130206523128035;0.8999637773128034
;;;;;;;0.10204081632653061;;;;;
