ID;Priority;Period;Deadline;WCET;FPS Deadline Miss;FPS Executions;FPS Preemptions;Less;EDF Deadline Miss;EDF Executions;EDF Preemptions;Utilization by work;Utilization by calculable overheads
1;4;27000;27000;8922;0;37;1;0;0;37;1;0.33044444444444443;0.001488888888888889
2;3;42000;42000;8725;0;24;5;-2;0;24;7;0.20773809523809525;0.0009571428571428571
3;2;73000;73000;22944;0;14;26;5;0;14;21;0.3143013698630137;0.0005506849315068494
4;1;84000;84000;3695;0;12;6;2;0;12;4;0.043988095238095236;0.00047857142857142857
;;1000000;;;;;38;;;;33;0.8964720047836486;0.003475288106110024;0.8999472928897586
;;;;;;;0.13157894736842105;;;;;
