ID;Priority;Period;Deadline;WCET;FPS Deadline Miss;FPS Executions;FPS Preemptions;Less;EDF Deadline Miss;EDF Executions;EDF Preemptions;Utilization by work;Utilization by calculable overheads
1;6;11000;11000;3401;0;91;0;0;0;91;0;0.30918181818181817;0.0036545454545454546
2;5;24000;24000;1488;0;42;4;0;0;42;4;0.062;0.0016749999999999998
3;4;34000;34000;2847;0;30;10;-1;0;30;11;0.08373529411764706;0.0011823529411764705
4;3;37000;37000;736;0;28;0;0;0;28;0;0.019891891891891892;0.0010864864864864863
5;2;80000;80000;23190;0;12;74;0;0;12;74;0.289875;0.0005024999999999999
6;1;92000;92000;11660;0;11;36;4;0;11;32;0.1267391304347826;0.0004369565217391304
;;1000000;;;;;124;;;;121;0.8914231346261398;0.008537841403947541;0.8999609760300873
;;;;;;;0.024193548387096774;;;;;
