ID;Priority;Period;Deadline;WCET;FPS Deadline Miss;FPS Executions;FPS Preemptions;Less;EDF Deadline Miss;EDF Executions;EDF Preemptions;Utilization by work;Utilization by calculable overheads
1;4;46000;46000;28589;0;22;0;0;0;22;0;0.6215;0.0008739130434782608
2;3;63000;63000;9113;0;16;3;0;0;16;3;0.14465079365079364;0.0006380952380952382
3;2;65000;65000;6037;0;15;4;-1;0;15;5;0.09287692307692308;0.0006184615384615384
4;1;68000;68000;2599;3;15;6;4;0;15;2;0.03822058823529412;0.0005911764705882353
;;1000000;;;;;13;;;;10;0.8972483049630109;0.0027216462906232727;0.8999699512536342
;;;;;;;0.23076923076923078;;;;;
