ID;Priority;Period;Deadline;WCET;FPS Deadline Miss;FPS Executions;FPS Preemptions;Less;EDF Deadline Miss;EDF Executions;EDF Preemptions;Utilization by work;Utilization by calculable overheads
1;4;38000;38000;17338;0;26;1;0;0;26;1;0.4562631578947368;0.0010578947368421053
2;3;65000;65000;4232;0;16;2;-1;0;16;3;0.06510769230769231;0.0006184615384615384
3;2;90000;90000;33438;1;11;21;6;0;11;15;0.3715333333333333;0.0004466666666666667
4;1;95000;95000;430;1;11;0;0;0;11;0;0.004526315789473684;0.0004231578947368421
;;1000000;;;;;24;;;;19;0.8974304993252362;0.0025461808367071527;0.8999766801619433
;;;;;;;0.20833333333333334;;;;;
