ID;Priority;Period;Deadline;WCET;FPS Deadline Miss;FPS Executions;FPS Preemptions;Less;EDF Deadline Miss;EDF Executions;EDF Preemptions;Utilization by work;Utilization by calculable overheads
1;6;17000;17000;1283;0;59;0;0;0;59;0;0.07547058823529412;0.002364705882352941
2;5;40000;40000;27899;0;25;42;10;0;25;32;0.697475;0.0010049999999999998
3;4;70000;70000;710;0;15;1;0;0;15;1;0.010142857142857143;0.0005742857142857142
4;3;78000;78000;1129;0;13;1;0;0;13;1;0.014474358974358975;0.0005153846153846154
5;2;86000;86000;3292;0;12;4;-1;0;12;5;0.03827906976744186;0.00046744186046511623
6;1;98000;98000;5758;0;11;9;2;0;11;7;0.058755102040816326;0.00041020408163265306
;;1000000;;;;;57;;;;46;0.8945969761607684;0.00533702215412104;0.8999339983148894
;;;;;;;0.19298245614035087;;;;;
