ID;Priority;Period;Deadline;WCET;FPS Deadline Miss;FPS Executions;FPS Preemptions;Less;EDF Deadline Miss;EDF Executions;EDF Preemptions;Utilization by work;Utilization by calculable overheads
1;6;34000;34000;5941;0;30;0;0;0;30;0;0.17473529411764707;0.0011823529411764705
2;5;35000;35000;4726;0;29;0;0;0;29;0;0.13502857142857144;0.0011485714285714285
3;4;72000;72000;13252;0;14;9;0;0;14;9;0.18405555555555556;0.0005583333333333333
4;3;82000;82000;17052;0;12;18;3;0;12;15;0.2079512195121951;0.0004902439024390243
5;2;89000;89000;1856;0;11;1;0;0;11;1;0.020853932584269663;0.00045168539325842697
6;1;91000;91000;15749;1;11;20;3;0;11;17;0.17306593406593407;0.0004417582417582418
;;1000000;;;;;48;;;;42;0.8956905072641729;0.004272945240536925;0.8999634525047098
;;;;;;;0.125;;;;;
