ID;Priority;Period;Deadline;WCET;FPS Deadline Miss;FPS Executions;FPS Preemptions;Less;EDF Deadline Miss;EDF Executions;EDF Preemptions;Utilization by work;Utilization by calculable overheads
1;4;59000;59000;18039;0;17;0;0;0;17;0;0.30574576271186443;0.0006813559322033898
2;3;74000;74000;10761;0;14;0;0;0;14;0;0.14541891891891892;0.0005432432432432432
3;2;84000;84000;35887;2;12;14;9;0;12;5;0.4272261904761905;0.00047857142857142857
4;1;98000;98000;1908;2;11;2;1;0;11;1;0.01946938775510204;0.00041020408163265306
;;1000000;;;;;16;;;;6;0.897860259862076;0.0021133746856507145;0.8999736345477267
;;;;;;;0.625;;;;;
