ID;Priority;Period;Deadline;WCET;FPS Deadline Miss;FPS Executions;FPS Preemptions;Less;EDF Deadline Miss;EDF Executions;EDF Preemptions;Utilization by work;Utilization by calculable overheads
1;6;18000;18000;3399;0;56;0;0;0;56;0;0.18883333333333333;0.0022333333333333333
2;5;31000;31000;4608;0;33;7;0;0;33;7;0.14864516129032257;0.001296774193548387
3;4;42000;42000;16776;0;24;35;9;0;24;26;0.3994285714285714;0.0009571428571428571
4;3;43000;43000;3931;0;23;12;7;0;23;5;0.09141860465116279;0.0009348837209302325
5;2;60000;60000;1235;0;17;5;1;0;17;4;0.020583333333333332;0.00067
6;1;97000;97000;4316;0;10;9;-1;0;10;10;0.04449484536082474;0.00041443298969072163
;;1000000;;;;;68;;;;52;0.893403849397548;0.006506567094645531;0.8999104164921935
;;;;;;;0.23529411764705882;;;;;
