ID;Priority;Period;Deadline;WCET;FPS Deadline Miss;FPS Executions;FPS Preemptions;Less;EDF Deadline Miss;EDF Executions;EDF Preemptions;Utilization by work;Utilization by calculable overheads
1;6;43000;43000;12911;0;23;1;0;0;23;1;0.3002558139534884;0.0009348837209302325
2;5;57000;57000;4133;0;18;4;-1;0;18;5;0.07250877192982456;0.0007052631578947368
3;4;59000;59000;19950;0;17;10;4;0;17;6;0.338135593220339;0.0006813559322033898
4;3;70000;70000;4278;0;15;0;-1;0;14;1;0.06111428571428571;0.0005742857142857142
5;2;80000;80000;3872;1;12;7;6;0;13;1;0.0484;0.0005024999999999999
6;1;99000;99000;7500;1;10;13;2;0;10;11;0.07575757575757576;0.0004060606060606061
;;1000000;;;;;35;;;;25;0.8961720405755135;0.003804349131374679;0.8999763897068882
;;;;;;;0.2857142857142857;;;;;
