ID;Priority;Period;Deadline;WCET;FPS Deadline Miss;FPS Executions;FPS Preemptions;Less;EDF Deadline Miss;EDF Executions;EDF Preemptions;Utilization by work;Utilization by calculable overheads
1;6;30000;30000;3533;0;34;0;-1;0;33;1;0.11776666666666667;0.00134
2;5;34000;34000;11701;0;29;11;9;0;30;2;0.3441470588235294;0.0011823529411764705
3;4;36000;36000;7925;0;28;9;9;0;28;0;0.22013888888888888;0.0011166666666666666
4;3;51000;51000;6144;0;20;8;2;0;20;6;0.12047058823529412;0.0007882352941176471
5;2;70000;70000;1689;0;15;4;-1;0;15;5;0.02412857142857143;0.0005742857142857142
6;1;79000;79000;5354;1;13;16;3;0;13;13;0.06777215189873417;0.0005088607594936708
;;1000000;;;;;48;;;;27;0.8944239259416847;0.00551040137574017;0.899934327317425
;;;;;;;0.4375;;;;;
