ID;Priority;Period;Deadline;WCET;FPS Deadline Miss;FPS Executions;FPS Preemptions;Less;EDF Deadline Miss;EDF Executions;EDF Preemptions;Utilization by work;Utilization by calculable overheads
1;10;22000;22000;131;0;46;0;0;0;46;0;0.0059545454545454546;0.0018272727272727273
2;9;25000;25000;1068;0;40;2;0;0;40;2;0.04272;0.001608
3;8;28000;28000;1014;0;36;2;0;0;36;2;0.03621428571428571;0.0014357142857142856
4;7;41000;41000;7817;0;25;23;0;0;25;23;0.19065853658536586;0.0009804878048780487
5;6;44000;44000;971;0;23;2;0;0;23;2;0.022068181818181817;0.0009136363636363636
6;5;55000;55000;1389;0;19;2;0;0;19;2;0.025254545454545453;0.0007309090909090909
7;4;65000;65000;2519;0;16;6;0;0;16;6;0.03875384615384615;0.0006184615384615384
8;3;77000;77000;5479;0;13;5;0;0;13;5;0.07115584415584415;0.0005220779220779221
9;2;78000;78000;1449;0;13;2;0;0;13;2;0.018576923076923078;0.0005153846153846154
10;1;96000;96000;13340;0;11;30;0;0;11;30;0.13895833333333332;0.00041874999999999996
;;1000000;;;;;74;;;;74;0.590315041746871;0.009570694348334593;0.5998857360952056
;;;;;;;0.0;;;;;
