ID;Priority;Period;Deadline;WCET;FPS Deadline Miss;FPS Executions;FPS Preemptions;Less;EDF Deadline Miss;EDF Executions;EDF Preemptions;Utilization by work;Utilization by calculable overheads
1;10;14000;14000;2971;0;72;0;0;0;72;0;0.21221428571428572;0.002871428571428571
2;9;35000;35000;68;0;29;0;0;0;29;0;0.0019428571428571429;0.0011485714285714285
3;8;36000;36000;2942;0;28;4;0;0;28;4;0.08172222222222222;0.0011166666666666666
4;7;40000;40000;13788;0;25;43;13;0;25;30;0.3447;0.0010049999999999998
5;6;57000;57000;495;0;18;2;0;0;18;2;0.008684210526315789;0.0007052631578947368
6;5;85000;85000;1968;0;12;1;0;0;12;1;0.023152941176470588;0.0004729411764705882
7;4;91000;91000;2328;0;11;3;-1;0;11;4;0.025582417582417583;0.0004417582417582418
8;3;94000;94000;37;0;11;0;0;0;11;0;0.00039361702127659574;0.00042765957446808513
9;2;99000;99000;3089;0;11;8;0;0;11;8;0.031202020202020203;0.0004060606060606061
10;1;100000;100000;6126;0;10;20;3;0;10;17;0.06126;0.000402
;;1000000;;;;;81;;;;66;0.7908545715878658;0.008997349423318923;0.7998519210111847
;;;;;;;0.18518518518518517;;;;;
