ID;Priority;Period;Deadline;WCET;FPS Deadline Miss;FPS Executions;FPS Preemptions;Less;EDF Deadline Miss;EDF Executions;EDF Preemptions;Utilization by work;Utilization by calculable overheads
1;10;18000;18000;920;0;56;0;0;0;56;0;0.051111111111111114;0.0022333333333333333
2;9;29000;29000;1374;0;35;2;0;0;35;2;0.047379310344827584;0.001386206896551724
3;8;40000;40000;483;0;25;0;0;0;25;0;0.012075;0.0010049999999999998
4;7;41000;41000;570;0;25;0;0;0;25;0;0.013902439024390244;0.0009804878048780487
5;6;49000;49000;1372;0;21;3;0;0;21;3;0.028;0.0008204081632653061
6;5;54000;54000;5188;0;19;12;3;0;19;9;0.09607407407407408;0.0007444444444444445
7;4;56000;56000;1106;0;18;1;0;0;18;1;0.01975;0.0007178571428571428
8;3;60000;60000;9481;0;17;19;-1;0;17;20;0.15801666666666667;0.00067
9;2;71000;71000;179;0;15;1;0;0;15;1;0.0025211267605633803;0.0005661971830985916
10;1;80000;80000;4916;0;13;9;0;0;13;9;0.06145;0.0005024999999999999
;;1000000;;;;;47;;;;45;0.4902797279816331;0.009626434968428589;0.4999061629500617
;;;;;;;0.0425531914893617;;;;;
