ID;Priority;Period;Deadline;WCET;FPS Deadline Miss;FPS Executions;FPS Preemptions;Less;EDF Deadline Miss;EDF Executions;EDF Preemptions;Utilization by work;Utilization by calculable overheads
1;10;15000;15000;1541;0;67;0;0;0;67;0;0.10273333333333333;0.00268
2;9;15000;15000;1572;0;67;0;0;0;67;0;0.1048;0.00268
3;8;46000;46000;45;0;22;0;0;0;22;0;0.0009782608695652175;0.0008739130434782608
4;7;59000;59000;12560;0;17;21;1;0;17;20;0.2128813559322034;0.0006813559322033898
5;6;70000;70000;966;0;15;1;0;0;15;1;0.0138;0.0005742857142857142
6;5;71000;71000;1211;0;15;1;0;0;15;1;0.017056338028169013;0.0005661971830985916
7;4;76000;76000;1583;0;14;0;0;0;14;0;0.02082894736842105;0.0005289473684210527
8;3;97000;97000;9880;0;11;17;1;0;11;16;0.10185567010309278;0.00041443298969072163
9;2;98000;98000;5289;0;11;9;0;0;11;9;0.053969387755102044;0.00041020408163265306
10;1;98000;98000;1090;0;11;1;0;0;11;1;0.011122448979591837;0.00041020408163265306
;;1000000;;;;;50;;;;48;0.6400257423694786;0.009819540394443035;0.6498452827639216
;;;;;;;0.04;;;;;
