ID;Priority;Period;Deadline;WCET;FPS Deadline Miss;FPS Executions;FPS Preemptions;Less;EDF Deadline Miss;EDF Executions;EDF Preemptions;Utilization by work;Utilization by calculable overheads
1;10;10000;10000;546;0;100;0;0;0;100;0;0.0546;0.004019999999999999
2;9;22000;22000;1631;0;46;0;0;0;46;0;0.07413636363636364;0.0018272727272727273
3;8;29000;29000;1317;0;35;8;0;0;35;8;0.04541379310344828;0.001386206896551724
4;7;33000;33000;1588;0;31;8;0;0;31;8;0.04812121212121212;0.0012181818181818183
5;6;46000;46000;3019;0;22;11;0;0;22;11;0.0656304347826087;0.0008739130434782608
6;5;50000;50000;1679;0;20;3;0;0;20;3;0.03358;0.000804
7;4;63000;63000;3736;0;16;13;2;0;16;11;0.0593015873015873;0.0006380952380952382
8;3;67000;67000;709;0;15;0;0;0;15;0;0.010582089552238806;0.0006000000000000001
9;2;70000;70000;19333;0;14;60;1;0;14;59;0.2761857142857143;0.0005742857142857142
10;1;92000;92000;1836;0;11;10;0;0;11;10;0.019956521739130435;0.0004369565217391304
;;1000000;;;;;113;;;;110;0.6875077165223036;0.012378911959604612;0.6998866284819082
;;;;;;;0.02654867256637168;;;;;
