ID;Priority;Period;Deadline;WCET;FPS Deadline Miss;FPS Executions;FPS Preemptions;Less;EDF Deadline Miss;EDF Executions;EDF Preemptions;Utilization by work;Utilization by calculable overheads
1;10;10000;10000;717;0;100;0;0;0;100;0;0.0717;0.004019999999999999
2;9;12000;12000;189;0;84;0;0;0;84;0;0.01575;0.0033499999999999997
3;8;14000;14000;352;0;72;0;0;0;72;0;0.025142857142857144;0.002871428571428571
4;7;21000;21000;1211;0;48;4;-2;0;48;6;0.057666666666666665;0.0019142857142857143
5;6;21000;21000;1423;0;48;6;2;0;48;4;0.06776190476190476;0.0019142857142857143
6;5;66000;66000;3144;0;16;11;0;0;16;11;0.047636363636363636;0.0006090909090909092
7;4;69000;69000;5257;0;15;22;3;0;15;19;0.07618840579710145;0.0005826086956521739
8;3;85000;85000;17518;0;12;64;-3;0;12;67;0.20609411764705882;0.0004729411764705882
9;2;90000;90000;8571;0;11;33;2;0;11;31;0.09523333333333334;0.0004466666666666667
10;1;99000;99000;26733;3;10;95;6;0;10;89;0.270030303030303;0.0004060606060606061
;;1000000;;;;;235;;;;227;0.9332039520155888;0.016587368053940944;0.9497913200695297
;;;;;;;0.03404255319148936;;;;;
