ID;Priority;Period;Deadline;WCET;FPS Deadline Miss;FPS Executions;FPS Preemptions;Less;EDF Deadline Miss;EDF Executions;EDF Preemptions;Utilization by work;Utilization by calculable overheads
1;10;12000;12000;42;0;84;0;0;0;84;0;0.0035;0.0033499999999999997
2;9;24000;24000;980;0;42;0;0;0;42;0;0.04083333333333333;0.0016749999999999998
3;8;30000;30000;3698;0;34;0;0;0;34;0;0.12326666666666666;0.00134
4;7;45000;45000;267;0;23;0;0;0;23;0;0.005933333333333333;0.0008933333333333334
5;6;47000;47000;520;0;22;0;0;0;22;0;0.011063829787234043;0.0008553191489361703
6;5;51000;51000;2924;0;20;3;0;0;20;3;0.05733333333333333;0.0007882352941176471
7;4;54000;54000;173;0;19;0;0;0;19;0;0.003203703703703704;0.0007444444444444445
8;3;56000;56000;1902;0;18;4;0;0;18;4;0.03396428571428572;0.0007178571428571428
9;2;57000;57000;190;0;18;1;0;0;18;1;0.0033333333333333335;0.0007052631578947368
10;1;96000;96000;19772;0;11;40;-1;0;11;41;0.20595833333333333;0.00041874999999999996
;;1000000;;;;;48;;;;49;0.4883901525385569;0.011488202521583477;0.4998783550601404
;;;;;;;-0.020833333333333332;;;;;
