ID;Priority;Period;Deadline;WCET;FPS Deadline Miss;FPS Executions;FPS Preemptions;Less;EDF Deadline Miss;EDF Executions;EDF Preemptions;Utilization by work;Utilization by calculable overheads
1;10;15000;15000;1685;0;67;0;0;0;67;0;0.11233333333333333;0.00268
2;9;25000;25000;728;0;40;0;0;0;40;0;0.02912;0.001608
3;8;31000;31000;607;0;33;0;0;0;33;0;0.019580645161290322;0.001296774193548387
4;7;41000;41000;4000;0;25;15;0;0;25;15;0.0975609756097561;0.0009804878048780487
5;6;42000;42000;486;0;24;0;0;0;24;0;0.011571428571428571;0.0009571428571428571
6;5;61000;61000;2601;0;17;8;-1;0;17;9;0.042639344262295084;0.000659016393442623
7;4;66000;66000;7411;0;16;24;2;0;16;22;0.11228787878787878;0.0006090909090909092
8;3;77000;77000;5281;0;13;11;0;0;13;11;0.06858441558441558;0.0005220779220779221
9;2;82000;82000;7608;0;12;21;0;0;12;21;0.09278048780487805;0.0004902439024390243
10;1;85000;85000;4519;0;12;12;0;0;12;12;0.05316470588235294;0.0004729411764705882
;;1000000;;;;;91;;;;90;0.6396232149976286;0.01027577515909036;0.649898990156719
;;;;;;;0.01098901098901099;;;;;
