ID;Priority;Period;Deadline;WCET;FPS Deadline Miss;FPS Executions;FPS Preemptions;Less;EDF Deadline Miss;EDF Executions;EDF Preemptions;Utilization by work;Utilization by calculable overheads
1;10;12000;12000;322;0;84;0;0;0;84;0;0.026833333333333334;0.0033499999999999997
2;9;12000;12000;1508;0;84;0;0;0;84;0;0.12566666666666668;0.0033499999999999997
3;8;28000;28000;993;0;36;0;0;0;36;0;0.03546428571428571;0.0014357142857142856
4;7;38000;38000;1367;0;27;0;0;0;27;0;0.03597368421052632;0.0010578947368421053
5;6;75000;75000;1115;0;14;1;0;0;14;1;0.014866666666666667;0.000536
6;5;85000;85000;12572;0;12;20;0;0;12;20;0.14790588235294116;0.0004729411764705882
7;4;86000;86000;11446;0;12;31;2;0;12;29;0.13309302325581396;0.00046744186046511623
8;3;90000;90000;465;0;12;1;0;0;12;1;0.005166666666666667;0.0004466666666666667
9;2;95000;95000;4779;0;11;10;-1;0;11;11;0.050305263157894735;0.0004231578947368421
10;1;99000;99000;6207;0;11;9;1;0;11;8;0.0626969696969697;0.0004060606060606061
;;1000000;;;;;72;;;;70;0.6379724417217649;0.011945877226956208;0.6499183189487211
;;;;;;;0.027777777777777776;;;;;
