ID;Priority;Period;Deadline;WCET;FPS Deadline Miss;FPS Executions;FPS Preemptions;Less;EDF Deadline Miss;EDF Executions;EDF Preemptions;Utilization by work;Utilization by calculable overheads
1;10;17000;17000;1942;0;59;0;0;0;59;0;0.11423529411764706;0.002364705882352941
2;9;17000;17000;2343;0;59;0;0;0;59;0;0.1378235294117647;0.002364705882352941
3;8;26000;26000;72;0;39;0;0;0;39;0;0.002769230769230769;0.001546153846153846
4;7;27000;27000;3;0;38;0;0;0;38;0;0.00011111111111111112;0.001488888888888889
5;6;37000;37000;6427;0;27;20;0;0;27;20;0.17370270270270272;0.0010864864864864863
6;5;42000;42000;2273;0;24;10;0;0;24;10;0.05411904761904762;0.0009571428571428571
7;4;61000;61000;3497;0;17;8;-1;0;17;9;0.05732786885245902;0.000659016393442623
8;3;66000;66000;3830;0;16;15;1;0;16;14;0.05803030303030303;0.0006090909090909092
9;2;90000;90000;17036;0;11;52;3;0;11;49;0.1892888888888889;0.0004466666666666667
10;1;96000;96000;55;0;11;0;0;0;11;0;0.0005729166666666667;0.00041874999999999996
;;1000000;;;;;105;;;;102;0.7879808931698217;0.01194160781257816;0.7999225009823998
;;;;;;;0.02857142857142857;;;;;
