ID;Priority;Period;Deadline;WCET;FPS Deadline Miss;FPS Executions;FPS Preemptions;Less;EDF Deadline Miss;EDF Executions;EDF Preemptions;Utilization by work;Utilization by calculable overheads
1;10;21000;21000;1063;0;48;0;0;0;48;0;0.05061904761904762;0.0019142857142857143
2;9;31000;31000;3655;0;33;6;0;0;33;6;0.11790322580645161;0.001296774193548387
3;8;42000;42000;2657;0;24;1;0;0;24;1;0.06326190476190476;0.0009571428571428571
4;7;45000;45000;37;0;23;0;0;0;23;0;0.0008222222222222222;0.0008933333333333334
5;6;46000;46000;48;0;22;0;0;0;22;0;0.0010434782608695651;0.0008739130434782608
6;5;64000;64000;7947;0;16;11;0;0;16;11;0.124171875;0.000628125
7;4;67000;67000;3114;0;15;8;1;0;15;7;0.04647761194029851;0.0006000000000000001
8;3;72000;72000;7331;0;14;17;0;0;14;17;0.10181944444444445;0.0005583333333333333
9;2;78000;78000;844;0;13;0;0;0;13;0;0.01082051282051282;0.0005153846153846154
10;1;91000;91000;6756;0;11;16;1;0;11;15;0.07424175824175824;0.0004417582417582418
;;1000000;;;;;59;;;;57;0.5911810811175098;0.008679050332264744;0.5998601314497746
;;;;;;;0.03389830508474576;;;;;
