ID;Priority;Period;Deadline;WCET;FPS Deadline Miss;FPS Executions;FPS Preemptions;Less;EDF Deadline Miss;EDF Executions;EDF Preemptions;Utilization by work;Utilization by calculable overheads
1;10;24000;24000;3412;0;42;0;0;0;42;0;0.14216666666666666;0.0016749999999999998
2;9;32000;32000;1948;0;32;0;0;0;32;0;0.060875;0.00125625
3;8;35000;35000;382;0;29;0;0;0;29;0;0.010914285714285715;0.0011485714285714285
4;7;47000;47000;12414;0;21;22;-2;0;21;24;0.2641276595744681;0.0008553191489361703
5;6;50000;50000;6952;0;20;25;7;0;20;18;0.13904;0.000804
6;5;50000;50000;3756;0;20;12;7;0;20;5;0.07512;0.000804
7;4;58000;58000;6;0;17;0;0;0;17;0;0.00010344827586206896;0.000693103448275862
8;3;76000;76000;2459;0;13;4;2;0;13;2;0.032355263157894734;0.0005289473684210527
9;2;90000;90000;12327;0;11;26;3;0;11;23;0.13696666666666665;0.0004466666666666667
10;1;100000;100000;7964;3;10;18;1;0;10;17;0.07964;0.000402
;;1000000;;;;;107;;;;89;0.9413089900558439;0.00861385806087118;0.9499228481167151
;;;;;;;0.16822429906542055;;;;;
