ID;Priority;Period;Deadline;WCET;FPS Deadline Miss;FPS Executions;FPS Preemptions;Less;EDF Deadline Miss;EDF Executions;EDF Preemptions;Utilization by work;Utilization by calculable overheads
1;10;20000;20000;1057;0;50;0;0;0;50;0;0.05285;0.0020099999999999996
2;9;21000;21000;2503;0;48;4;4;0;48;0;0.1191904761904762;0.0019142857142857143
3;8;31000;31000;1532;0;33;4;0;0;33;4;0.04941935483870968;0.001296774193548387
4;7;45000;45000;2835;0;23;4;0;0;23;4;0.063;0.0008933333333333334
5;6;63000;63000;2056;0;16;1;0;0;16;1;0.032634920634920635;0.0006380952380952382
6;5;66000;66000;1829;0;16;1;0;0;16;1;0.027712121212121212;0.0006090909090909092
7;4;67000;67000;7904;0;15;22;0;0;15;22;0.11797014925373134;0.0006000000000000001
8;3;90000;90000;2845;0;12;6;0;0;12;6;0.03161111111111111;0.0004466666666666667
9;2;96000;96000;2478;0;11;1;0;0;11;1;0.0258125;0.00041874999999999996
10;1;99000;99000;2026;0;10;6;0;0;10;6;0.020464646464646463;0.0004060606060606061
;;1000000;;;;;49;;;;45;0.5406652797057165;0.009233056661080855;0.5498983363667974
;;;;;;;0.08163265306122448;;;;;
