ID;Priority;Period;Deadline;WCET;FPS Deadline Miss;FPS Executions;FPS Preemptions;Less;EDF Deadline Miss;EDF Executions;EDF Preemptions;Utilization by work;Utilization by calculable overheads
1;10;10000;10000;1497;0;100;0;0;0;100;0;0.1497;0.004019999999999999
2;9;28000;28000;1660;0;36;0;0;0;36;0;0.05928571428571429;0.0014357142857142856
3;8;36000;36000;4817;0;28;17;0;0;28;17;0.13380555555555557;0.0011166666666666666
4;7;43000;43000;5091;0;24;22;0;0;24;22;0.1183953488372093;0.0009348837209302325
5;6;58000;58000;1266;0;18;1;0;0;18;1;0.02182758620689655;0.000693103448275862
6;5;60000;60000;2193;0;17;6;0;0;17;6;0.03655;0.00067
7;4;71000;71000;2337;0;15;9;3;0;14;6;0.03291549295774648;0.0005661971830985916
8;3;71000;71000;5176;0;14;18;-2;0;14;20;0.07290140845070422;0.0005661971830985916
9;2;72000;72000;655;0;14;1;0;0;14;1;0.009097222222222222;0.0005583333333333333
10;1;99000;99000;433;0;10;3;0;0;10;3;0.0043737373737373735;0.0004060606060606061
;;1000000;;;;;77;;;;76;0.6388520658897859;0.010967156427178167;0.6498192223169641
;;;;;;;0.012987012987012988;;;;;
