ID;Priority;Period;Deadline;WCET;FPS Deadline Miss;FPS Executions;FPS Preemptions;Less;EDF Deadline Miss;EDF Executions;EDF Preemptions;Utilization by work;Utilization by calculable overheads
1;10;14000;14000;1677;0;72;0;0;0;72;0;0.11978571428571429;0.002871428571428571
2;9;22000;22000;270;0;46;0;0;0;46;0;0.012272727272727272;0.0018272727272727273
3;8;24000;24000;1361;0;42;1;1;0;42;0;0.05670833333333333;0.0016749999999999998
4;7;45000;45000;148;0;23;0;0;0;23;0;0.003288888888888889;0.0008933333333333334
5;6;56000;56000;2704;0;18;3;0;0;18;3;0.048285714285714286;0.0007178571428571428
6;5;61000;61000;7234;0;17;18;0;0;17;18;0.11859016393442623;0.000659016393442623
7;4;62000;62000;3835;0;17;15;0;0;17;15;0.061854838709677416;0.0006483870967741935
8;3;64000;64000;1013;0;16;2;0;0;16;2;0.015828125;0.000628125
9;2;69000;69000;2922;0;15;7;0;0;15;7;0.04234782608695652;0.0005826086956521739
10;1;99000;99000;991;0;11;1;0;0;11;1;0.01001010101010101;0.0004060606060606061
;;1000000;;;;;47;;;;46;0.4889724328075393;0.01090908956682137;0.4998815223743607
;;;;;;;0.02127659574468085;;;;;
