ID;Priority;Period;Deadline;WCET;FPS Deadline Miss;FPS Executions;FPS Preemptions;Less;EDF Deadline Miss;EDF Executions;EDF Preemptions;Utilization by work;Utilization by calculable overheads
1;10;11000;11000;213;0;91;0;0;0;91;0;0.019363636363636364;0.0036545454545454546
2;9;19000;19000;1329;0;53;5;0;0;53;5;0.06994736842105263;0.0021157894736842106
3;8;39000;39000;8371;0;26;25;0;0;26;25;0.21464102564102563;0.0010307692307692307
4;7;58000;58000;1766;0;18;3;0;0;18;3;0.030448275862068965;0.000693103448275862
5;6;60000;60000;5170;0;17;10;-3;0;17;13;0.08616666666666667;0.00067
6;5;73000;73000;3586;0;14;10;2;0;14;8;0.049123287671232876;0.0005506849315068494
7;4;85000;85000;615;0;12;0;0;0;12;0;0.0072352941176470585;0.0004729411764705882
8;3;90000;90000;4773;0;12;11;3;0;12;8;0.053033333333333335;0.0004466666666666667
9;2;95000;95000;9304;0;11;30;1;0;11;29;0.09793684210526316;0.0004231578947368421
10;1;100000;100000;21153;1;10;58;7;0;10;51;0.21153;0.000402
;;1000000;;;;;152;;;;142;0.8394257301819266;0.010459658276655704;0.8498853884585823
;;;;;;;0.06578947368421052;;;;;
