ID;Priority;Period;Deadline;WCET;FPS Deadline Miss;FPS Executions;FPS Preemptions;Less;EDF Deadline Miss;EDF Executions;EDF Preemptions;Utilization by work;Utilization by calculable overheads
1;10;20000;20000;10;0;50;0;0;0;50;0;0.0005;0.0020099999999999996
2;9;28000;28000;369;0;36;0;0;0;36;0;0.013178571428571428;0.0014357142857142856
3;8;39000;39000;7360;0;26;17;-1;0;26;18;0.18871794871794872;0.0010307692307692307
4;7;41000;41000;11084;0;25;25;8;0;25;17;0.27034146341463416;0.0009804878048780487
5;6;64000;64000;13056;0;16;27;-4;0;16;31;0.204;0.000628125
6;5;67000;67000;163;0;15;0;0;0;15;0;0.0024328358208955225;0.0006000000000000001
7;4;84000;84000;200;0;12;0;0;0;12;0;0.002380952380952381;0.00047857142857142857
8;3;84000;84000;14328;1;12;28;3;0;12;25;0.17057142857142857;0.00047857142857142857
9;2;94000;94000;509;1;11;1;1;0;11;0;0.005414893617021277;0.00042765957446808513
10;1;100000;100000;3388;1;10;7;3;0;10;4;0.03388;0.000402
;;1000000;;;;;105;;;;95;0.8914180939514521;0.008471898752972508;0.8998899927044246
;;;;;;;0.09523809523809523;;;;;
