ID;Priority;Period;Deadline;WCET;FPS Deadline Miss;FPS Executions;FPS Preemptions;Less;EDF Deadline Miss;EDF Executions;EDF Preemptions;Utilization by work;Utilization by calculable overheads
1;10;16000;16000;1855;0;63;0;0;0;63;0;0.1159375;0.0025125
2;9;31000;31000;2330;0;33;4;0;0;33;4;0.07516129032258065;0.001296774193548387
3;8;42000;42000;1471;0;24;1;0;0;24;1;0.035023809523809527;0.0009571428571428571
4;7;48000;48000;889;0;21;1;0;0;21;1;0.018520833333333334;0.0008374999999999999
5;6;51000;51000;1938;0;20;2;0;0;20;2;0.038;0.0007882352941176471
6;5;53000;53000;3820;0;19;7;0;0;19;7;0.07207547169811321;0.0007584905660377359
7;4;55000;55000;296;0;19;1;0;0;19;1;0.005381818181818182;0.0007309090909090909
8;3;79000;79000;4638;0;13;13;0;0;13;13;0.05870886075949367;0.0005088607594936708
9;2;84000;84000;2502;0;12;5;0;0;12;5;0.029785714285714287;0.00047857142857142857
10;1;92000;92000;3861;0;11;10;0;0;11;10;0.041967391304347824;0.0004369565217391304
;;1000000;;;;;44;;;;44;0.4905626894092106;0.009305940711559947;0.49986863012077054
;;;;;;;0.0;;;;;
