ID;Priority;Period;Deadline;WCET;FPS Deadline Miss;FPS Executions;FPS Preemptions;Less;EDF Deadline Miss;EDF Executions;EDF Preemptions;Utilization by work;Utilization by calculable overheads
1;10;13000;13000;1199;0;77;0;0;0;77;0;0.09223076923076923;0.003092307692307692
2;9;16000;16000;11;0;63;0;0;0;63;0;0.0006875;0.0025125
3;8;27000;27000;3693;0;37;12;0;0;37;12;0.13677777777777778;0.001488888888888889
4;7;30000;30000;608;0;34;1;0;0;34;1;0.020266666666666665;0.00134
5;6;36000;36000;1220;0;28;3;1;0;28;2;0.03388888888888889;0.0011166666666666666
6;5;37000;37000;7313;0;27;40;3;0;27;37;0.19764864864864864;0.0010864864864864863
7;4;61000;61000;9822;0;17;44;-4;0;17;48;0.16101639344262295;0.000659016393442623
8;3;67000;67000;9941;0;15;42;8;0;15;34;0.14837313432835822;0.0006000000000000001
9;2;96000;96000;7117;1;11;25;1;0;11;24;0.07413541666666666;0.00041874999999999996
10;1;98000;98000;2168;1;11;8;0;0;11;8;0.022122448979591838;0.00041020408163265306
;;1000000;;;;;175;;;;166;0.8871476446299909;0.01272482020942501;0.8998724648394159
;;;;;;;0.05142857142857143;;;;;
