ID;Priority;Period;Deadline;WCET;FPS Deadline Miss;FPS Executions;FPS Preemptions;Less;EDF Deadline Miss;EDF Executions;EDF Preemptions;Utilization by work;Utilization by calculable overheads
1;10;19000;19000;2254;0;53;0;0;0;53;0;0.11863157894736842;0.0021157894736842106
2;9;20000;20000;56;0;50;0;0;0;50;0;0.0028;0.0020099999999999996
3;8;25000;25000;14;0;40;0;0;0;40;0;0.00056;0.001608
4;7;29000;29000;2678;0;35;10;3;0;35;7;0.09234482758620689;0.001386206896551724
5;6;30000;30000;521;0;34;1;1;0;34;0;0.017366666666666666;0.00134
6;5;33000;33000;9205;0;30;41;8;0;30;33;0.27893939393939393;0.0012181818181818183
7;4;51000;51000;2171;0;20;6;0;0;20;6;0.04256862745098039;0.0007882352941176471
8;3;65000;65000;4710;0;16;20;0;0;16;20;0.07246153846153847;0.0006184615384615384
9;2;87000;87000;47;0;12;0;0;0;12;0;0.0005402298850574712;0.00046206896551724135
10;1;92000;92000;5669;0;11;24;0;0;11;24;0.06161956521739131;0.0004369565217391304
;;1000000;;;;;102;;;;90;0.6878324281546035;0.011983900508253308;0.6998163286628568
;;;;;;;0.11764705882352941;;;;;
