ID;Priority;Period;Deadline;WCET;FPS Deadline Miss;FPS Executions;FPS Preemptions;Less;EDF Deadline Miss;EDF Executions;EDF Preemptions;Utilization by work;Utilization by calculable overheads
1;10;16000;16000;1913;0;63;0;0;0;63;0;0.1195625;0.0025125
2;9;24000;24000;112;0;42;0;0;0;42;0;0.004666666666666667;0.0016749999999999998
3;8;27000;27000;953;0;38;0;0;0;38;0;0.0352962962962963;0.001488888888888889
4;7;34000;34000;370;0;30;0;0;0;30;0;0.01088235294117647;0.0011823529411764705
5;6;56000;56000;3533;0;18;4;0;0;18;4;0.06308928571428571;0.0007178571428571428
6;5;59000;59000;1120;0;17;1;0;0;17;1;0.018983050847457626;0.0006813559322033898
7;4;61000;61000;3950;0;17;9;0;0;17;9;0.06475409836065574;0.000659016393442623
8;3;63000;63000;5188;0;16;16;0;0;16;16;0.08234920634920635;0.0006380952380952382
9;2;86000;86000;6616;0;12;9;0;0;12;9;0.07693023255813954;0.00046744186046511623
10;1;90000;90000;1160;0;12;3;0;0;12;3;0.012888888888888889;0.0004466666666666667
;;1000000;;;;;42;;;;42;0.4894025786227733;0.010469175063795536;0.49987175368656883
;;;;;;;0.0;;;;;
