ID;Priority;Period;Deadline;WCET;FPS Deadline Miss;FPS Executions;FPS Preemptions;Less;EDF Deadline Miss;EDF Executions;EDF Preemptions;Utilization by work;Utilization by calculable overheads
1;10;16000;16000;123;0;63;0;0;0;63;0;0.0076875;0.0025125
2;9;33000;33000;7830;0;31;13;0;0;31;13;0.23727272727272727;0.0012181818181818183
3;8;42000;42000;311;0;24;1;0;0;24;1;0.0074047619047619044;0.0009571428571428571
4;7;49000;49000;1960;0;21;2;-2;0;21;4;0.04;0.0008204081632653061
5;6;53000;53000;7032;0;19;18;3;0;19;15;0.13267924528301886;0.0007584905660377359
6;5;75000;75000;8036;0;14;14;0;0;14;14;0.10714666666666667;0.000536
7;4;76000;76000;3847;0;14;9;-1;0;14;10;0.050618421052631576;0.0005289473684210527
8;3;79000;79000;10770;0;13;22;0;0;13;22;0.13632911392405064;0.0005088607594936708
9;2;83000;83000;1532;0;12;7;2;0;12;5;0.018457831325301204;0.00048433734939759034
10;1;92000;92000;4925;0;11;16;6;0;11;10;0.05353260869565218;0.0004369565217391304
;;1000000;;;;;102;;;;94;0.7911288761248102;0.008761825403679162;0.7998907015284894
;;;;;;;0.0784313725490196;;;;;
