ID;Priority;Period;Deadline;WCET;FPS Deadline Miss;FPS Executions;FPS Preemptions;Less;EDF Deadline Miss;EDF Executions;EDF Preemptions;Utilization by work;Utilization by calculable overheads
1;10;28000;28000;4321;0;36;0;0;0;36;0;0.15432142857142858;0.0014357142857142856
2;9;35000;35000;2394;0;29;0;0;0;29;0;0.0684;0.0011485714285714285
3;8;36000;36000;2046;0;28;0;0;0;28;0;0.05683333333333333;0.0011166666666666666
4;7;56000;56000;2925;0;18;4;0;0;18;4;0.05223214285714286;0.0007178571428571428
5;6;59000;59000;2993;0;17;6;0;0;17;6;0.05072881355932203;0.0006813559322033898
6;5;65000;65000;2012;0;16;2;-1;0;16;3;0.030953846153846155;0.0006184615384615384
7;4;73000;73000;5905;0;14;6;-3;0;14;9;0.0808904109589041;0.0005506849315068494
8;3;85000;85000;27349;0;12;57;18;0;12;39;0.3217529411764706;0.0004729411764705882
9;2;93000;93000;5391;1;11;8;1;0;11;7;0.057967741935483874;0.000432258064516129
10;1;100000;100000;1821;1;10;1;0;0;10;1;0.01821;0.000402
;;1000000;;;;;84;;;;69;0.8922906585459315;0.007576511166968019;0.8998671697128995
;;;;;;;0.17857142857142858;;;;;
