ID;Priority;Period;Deadline;WCET;FPS Deadline Miss;FPS Executions;FPS Preemptions;Less;EDF Deadline Miss;EDF Executions;EDF Preemptions;Utilization by work;Utilization by calculable overheads
1;10;13000;13000;767;0;77;0;0;0;77;0;0.059;0.003092307692307692
2;9;21000;21000;903;0;48;0;0;0;48;0;0.043;0.0019142857142857143
3;8;22000;22000;612;0;46;0;0;0;46;0;0.02781818181818182;0.0018272727272727273
4;7;49000;49000;11558;0;21;39;0;0;21;39;0.23587755102040817;0.0008204081632653061
5;6;64000;64000;10415;0;16;34;0;0;16;34;0.162734375;0.000628125
6;5;73000;73000;6161;0;14;20;1;0;14;19;0.0843972602739726;0.0005506849315068494
7;4;74000;74000;5218;0;14;19;0;0;14;19;0.07051351351351351;0.0005432432432432432
8;3;78000;78000;6017;0;13;19;0;0;13;19;0.07714102564102564;0.0005153846153846154
9;2;82000;82000;1501;0;13;2;0;0;13;2;0.018304878048780487;0.0004902439024390243
10;1;86000;86000;874;0;12;2;1;0;12;1;0.010162790697674418;0.00046744186046511623
;;1000000;;;;;135;;;;133;0.7889495760135568;0.01084939785017029;0.799798973863727
;;;;;;;0.014814814814814815;;;;;
