ID;Priority;Period;Deadline;WCET;FPS Deadline Miss;FPS Executions;FPS Preemptions;Less;EDF Deadline Miss;EDF Executions;EDF Preemptions;Utilization by work;Utilization by calculable overheads
1;10;18000;18000;121;0;56;0;0;0;56;0;0.006722222222222222;0.0022333333333333333
2;9;33000;33000;845;0;31;0;0;0;31;0;0.025606060606060604;0.0012181818181818183
3;8;39000;39000;1800;0;26;0;0;0;26;0;0.046153846153846156;0.0010307692307692307
4;7;43000;43000;289;0;24;1;0;0;24;1;0.006720930232558139;0.0009348837209302325
5;6;46000;46000;2296;0;22;6;-1;0;22;7;0.04991304347826087;0.0008739130434782608
6;5;49000;49000;6834;0;21;17;3;0;21;14;0.13946938775510204;0.0008204081632653061
7;4;72000;72000;3679;0;14;3;-4;0;14;7;0.051097222222222224;0.0005583333333333333
8;3;72000;72000;11497;0;14;29;3;0;14;26;0.15968055555555555;0.0005583333333333333
9;2;88000;88000;1076;0;12;2;0;0;12;2;0.012227272727272727;0.0004568181818181818
10;1;89000;89000;21644;0;11;53;3;0;11;50;0.24319101123595505;0.00045168539325842697
;;1000000;;;;;111;;;;107;0.7407815521890556;0.009136659551701457;0.7499182117407571
;;;;;;;0.036036036036036036;;;;;
