ID;Priority;Period;Deadline;WCET;FPS Deadline Miss;FPS Executions;FPS Preemptions;Less;EDF Deadline Miss;EDF Executions;EDF Preemptions;Utilization by work;Utilization by calculable overheads
1;10;18000;18000;32;0;56;0;0;0;56;0;0.0017777777777777779;0.0022333333333333333
2;9;19000;19000;1668;0;53;2;2;0;53;0;0.08778947368421053;0.0021157894736842106
3;8;51000;51000;393;0;20;0;0;0;20;0;0.007705882352941176;0.0007882352941176471
4;7;52000;52000;7979;0;20;16;0;0;20;16;0.15344230769230768;0.000773076923076923
5;6;64000;64000;5777;0;16;8;0;0;16;8;0.090265625;0.000628125
6;5;65000;65000;5875;0;16;11;0;0;16;11;0.09038461538461538;0.0006184615384615384
7;4;65000;65000;2435;0;16;7;0;0;16;7;0.03746153846153846;0.0006184615384615384
8;3;69000;69000;4752;0;15;10;0;0;15;10;0.06886956521739131;0.0005826086956521739
9;2;77000;77000;2970;0;13;6;0;0;13;6;0.03857142857142857;0.0005220779220779221
10;1;87000;87000;1240;0;12;3;1;0;12;2;0.014252873563218391;0.00046206896551724135
;;1000000;;;;;63;;;;60;0.5905210877054293;0.009342238684382527;0.5998633263898119
;;;;;;;0.047619047619047616;;;;;
