ID;Priority;Period;Deadline;WCET;FPS Deadline Miss;FPS Executions;FPS Preemptions;Less;EDF Deadline Miss;EDF Executions;EDF Preemptions;Utilization by work;Utilization by calculable overheads
1;10;20000;20000;1511;0;50;0;0;0;50;0;0.07555;0.0020099999999999996
2;9;38000;38000;447;0;27;0;-1;0;27;1;0.011763157894736842;0.0010578947368421053
3;8;52000;52000;6473;0;20;8;1;0;20;7;0.12448076923076923;0.000773076923076923
4;7;56000;56000;2126;0;18;2;1;0;18;1;0.037964285714285714;0.0007178571428571428
5;6;72000;72000;9193;0;14;15;1;0;14;14;0.12768055555555555;0.0005583333333333333
6;5;76000;76000;18406;0;13;25;3;0;13;22;0.24218421052631578;0.0005289473684210527
7;4;78000;78000;14236;0;13;23;3;0;13;20;0.1825128205128205;0.0005153846153846154
8;3;81000;81000;6598;1;13;10;5;0;13;5;0.08145679012345679;0.0004962962962962963
9;2;86000;86000;666;1;12;1;0;0;12;1;0.007744186046511628;0.00046744186046511623
10;1;96000;96000;4898;4;11;15;7;0;11;8;0.051020833333333335;0.00041874999999999996
;;1000000;;;;;99;;;;79;0.9423576089377852;0.007543982276676585;0.9499015912144618
;;;;;;;0.20202020202020202;;;;;
