ID;Priority;Period;Deadline;WCET;FPS Deadline Miss;FPS Executions;FPS Preemptions;Less;EDF Deadline Miss;EDF Executions;EDF Preemptions;Utilization by work;Utilization by calculable overheads
1;10;24000;24000;1633;0;42;0;0;0;42;0;0.06804166666666667;0.0016749999999999998
2;9;31000;31000;3926;0;33;4;0;0;33;4;0.12664516129032258;0.001296774193548387
3;8;38000;38000;193;0;27;0;0;0;27;0;0.005078947368421053;0.0010578947368421053
4;7;40000;40000;429;0;25;1;1;0;25;0;0.010725;0.0010049999999999998
5;6;40000;40000;1708;0;25;1;0;0;25;1;0.0427;0.0010049999999999998
6;5;67000;67000;7807;0;15;12;0;0;15;12;0.1165223880597015;0.0006000000000000001
7;4;68000;68000;3088;0;15;2;0;0;15;2;0.04541176470588235;0.0005911764705882353
8;3;78000;78000;3366;0;13;5;0;0;13;5;0.043153846153846154;0.0005153846153846154
9;2;80000;80000;7704;0;13;14;0;0;13;14;0.0963;0.0005024999999999999
10;1;88000;88000;3224;0;12;5;0;0;12;5;0.036636363636363634;0.0004568181818181818
;;1000000;;;;;44;;;;43;0.5912151378812038;0.008705548198181524;0.5999206860793853
;;;;;;;0.022727272727272728;;;;;
