ID;Priority;Period;Deadline;WCET;FPS Deadline Miss;FPS Executions;FPS Preemptions;Less;EDF Deadline Miss;EDF Executions;EDF Preemptions;Utilization by work;Utilization by calculable overheads
1;10;13000;13000;120;0;77;0;0;0;77;0;0.009230769230769232;0.003092307692307692
2;9;16000;16000;864;0;63;0;0;0;63;0;0.054;0.0025125
3;8;37000;37000;5969;0;27;22;0;0;27;22;0.16132432432432434;0.0010864864864864863
4;7;54000;54000;1536;0;19;2;0;0;19;2;0.028444444444444446;0.0007444444444444445
5;6;56000;56000;911;0;18;1;0;0;18;1;0.016267857142857143;0.0007178571428571428
6;5;59000;59000;4496;0;17;12;0;0;17;12;0.07620338983050848;0.0006813559322033898
7;4;60000;60000;469;0;17;3;0;0;17;3;0.007816666666666666;0.00067
8;3;65000;65000;4107;0;16;8;0;0;16;8;0.06318461538461538;0.0006184615384615384
9;2;68000;68000;1192;0;15;3;1;0;15;2;0.017529411764705884;0.0005911764705882353
10;1;76000;76000;7952;0;14;23;-1;0;14;24;0.10463157894736842;0.0005289473684210527
;;1000000;;;;;74;;;;74;0.53863305773626;0.011243537075769982;0.54987659481203
;;;;;;;0.0;;;;;
