ID;Priority;Period;Deadline;WCET;FPS Deadline Miss;FPS Executions;FPS Preemptions;Less;EDF Deadline Miss;EDF Executions;EDF Preemptions;Utilization by work;Utilization by calculable overheads
1;10;17000;17000;2915;0;59;0;0;0;59;0;0.17147058823529412;0.002364705882352941
2;9;27000;27000;756;0;38;0;0;0;38;0;0.028;0.001488888888888889
3;8;38000;38000;2837;0;27;5;0;0;27;5;0.0746578947368421;0.0010578947368421053
4;7;40000;40000;95;0;25;0;0;0;25;0;0.002375;0.0010049999999999998
5;6;56000;56000;4879;0;18;11;0;0;18;11;0.087125;0.0007178571428571428
6;5;66000;66000;381;0;16;1;0;0;16;1;0.005772727272727273;0.0006090909090909092
7;4;74000;74000;813;0;14;1;0;0;14;1;0.010986486486486487;0.0005432432432432432
8;3;77000;77000;456;0;13;1;0;0;13;1;0.005922077922077922;0.0005220779220779221
9;2;89000;89000;13748;0;12;34;1;0;12;33;0.15447191011235956;0.00045168539325842697
10;1;96000;96000;4794;0;11;13;0;0;11;13;0.0499375;0.00041874999999999996
;;1000000;;;;;66;;;;65;0.5907191847657874;0.009179194118611579;0.599898378884399
;;;;;;;0.015151515151515152;;;;;
