ID;Priority;Period;Deadline;WCET;FPS Deadline Miss;FPS Executions;FPS Preemptions;Less;EDF Deadline Miss;EDF Executions;EDF Preemptions;Utilization by work;Utilization by calculable overheads
1;10;13000;13000;1286;0;77;0;0;0;77;0;0.09892307692307692;0.003092307692307692
2;9;22000;22000;4005;0;46;14;0;0;46;14;0.18204545454545454;0.0018272727272727273
3;8;27000;27000;574;0;38;0;0;0;38;0;0.02125925925925926;0.001488888888888889
4;7;34000;34000;2156;0;30;12;0;0;30;12;0.06341176470588235;0.0011823529411764705
5;6;40000;40000;1509;0;25;2;-1;0;25;3;0.037725;0.0010049999999999998
6;5;59000;59000;6784;0;17;27;0;0;17;27;0.11498305084745762;0.0006813559322033898
7;4;69000;69000;8887;0;15;26;1;0;15;25;0.12879710144927536;0.0005826086956521739
8;3;73000;73000;6344;0;14;23;1;0;14;22;0.0869041095890411;0.0005506849315068494
9;2;81000;81000;2314;0;13;2;0;0;13;2;0.0285679012345679;0.0004962962962962963
10;1;100000;100000;2596;0;10;15;0;0;10;15;0.02596;0.000402
;;1000000;;;;;121;;;;120;0.7885767185540149;0.011308768105304488;0.7998854866593194
;;;;;;;0.008264462809917356;;;;;
