ID;Priority;Period;Deadline;WCET;FPS Deadline Miss;FPS Executions;FPS Preemptions;Less;EDF Deadline Miss;EDF Executions;EDF Preemptions;Utilization by work;Utilization by calculable overheads
1;10;16000;16000;41;0;63;0;0;0;63;0;0.0025625;0.0025125
2;9;29000;29000;2543;0;35;4;0;0;35;4;0.0876896551724138;0.001386206896551724
3;8;35000;35000;2700;0;29;5;0;0;29;5;0.07714285714285714;0.0011485714285714285
4;7;39000;39000;3560;0;26;8;0;0;26;8;0.09128205128205129;0.0010307692307692307
5;6;48000;48000;885;0;21;0;0;0;21;0;0.0184375;0.0008374999999999999
6;5;49000;49000;5442;0;21;11;0;0;21;11;0.11106122448979591;0.0008204081632653061
7;4;85000;85000;1431;0;12;3;0;0;12;3;0.01683529411764706;0.0004729411764705882
8;3;87000;87000;1492;0;12;4;0;0;12;4;0.017149425287356322;0.00046206896551724135
9;2;90000;90000;4659;0;12;9;0;0;11;9;0.05176666666666667;0.0004466666666666667
10;1;98000;98000;6513;0;10;12;0;0;11;12;0.06645918367346938;0.00041020408163265306
;;1000000;;;;;56;;;;56;0.5403863578322576;0.009527836609444838;0.5499141944417024
;;;;;;;0.0;;;;;
