ID;Priority;Period;Deadline;WCET;FPS Deadline Miss;FPS Executions;FPS Preemptions;Less;EDF Deadline Miss;EDF Executions;EDF Preemptions;Utilization by work;Utilization by calculable overheads
1;10;11000;11000;111;0;91;0;0;0;91;0;0.010090909090909091;0.0036545454545454546
2;9;25000;25000;171;0;40;0;0;0;40;0;0.00684;0.001608
3;8;26000;26000;2127;0;39;9;2;0;39;7;0.0818076923076923;0.001546153846153846
4;7;37000;37000;1482;0;27;4;1;0;27;3;0.04005405405405405;0.0010864864864864863
5;6;38000;38000;12264;0;26;55;3;0;26;52;0.32273684210526316;0.0010578947368421053
6;5;44000;44000;630;0;23;2;0;0;23;2;0.014318181818181818;0.0009136363636363636
7;4;58000;58000;2224;0;17;5;0;0;17;5;0.038344827586206894;0.000693103448275862
8;3;64000;64000;162;0;16;0;0;0;16;0;0.00253125;0.000628125
9;2;86000;86000;5959;0;12;21;0;0;12;21;0.0692906976744186;0.00046744186046511623
10;1;90000;90000;158;0;11;1;0;0;11;1;0.0017555555555555556;0.0004466666666666667
;;1000000;;;;;97;;;;91;0.5877700101922815;0.012102053863071898;0.5998720640553534
;;;;;;;0.061855670103092786;;;;;
