ID;Priority;Period;Deadline;WCET;FPS Deadline Miss;FPS Executions;FPS Preemptions;Less;EDF Deadline Miss;EDF Executions;EDF Preemptions;Utilization by work;Utilization by calculable overheads
1;10;14000;14000;207;0;72;0;0;0;72;0;0.014785714285714286;0.002871428571428571
2;9;14000;14000;338;0;72;0;0;0;72;0;0.024142857142857143;0.002871428571428571
3;8;14000;14000;386;0;72;0;0;0;72;0;0.027571428571428573;0.002871428571428571
4;7;21000;21000;1285;0;48;0;0;0;48;0;0.06119047619047619;0.0019142857142857143
5;6;23000;23000;3103;0;44;12;2;0;44;10;0.13491304347826086;0.0017478260869565217
6;5;25000;25000;1444;0;40;7;0;0;40;7;0.05776;0.001608
7;4;67000;67000;8452;0;15;23;0;0;15;23;0.12614925373134328;0.0006000000000000001
8;3;88000;88000;9730;0;12;29;-1;0;12;30;0.11056818181818182;0.0004568181818181818
9;2;88000;88000;2156;0;12;4;1;0;12;3;0.0245;0.0004568181818181818
10;1;91000;91000;218;0;11;0;0;0;11;0;0.0023956043956043956;0.0004417582417582418
;;1000000;;;;;75;;;;73;0.5839765596138665;0.01583979212092255;0.5998163517347891
;;;;;;;0.02666666666666667;;;;;
