ID;Priority;Period;Deadline;WCET;FPS Deadline Miss;FPS Executions;FPS Preemptions;Less;EDF Deadline Miss;EDF Executions;EDF Preemptions;Utilization by work;Utilization by calculable overheads
1;10;31000;31000;981;0;33;0;0;0;33;0;0.03164516129032258;0.001296774193548387
2;9;43000;43000;316;0;24;0;0;0;24;0;0.007348837209302326;0.0009348837209302325
3;8;46000;46000;4602;0;22;6;1;0;22;5;0.10004347826086957;0.0008739130434782608
4;7;64000;64000;7684;0;16;14;5;0;16;9;0.1200625;0.000628125
5;6;66000;66000;327;0;16;0;0;0;16;0;0.0049545454545454545;0.0006090909090909092
6;5;77000;77000;24300;0;13;30;5;0;13;25;0.3155844155844156;0.0005220779220779221
7;4;78000;78000;5555;0;13;6;1;0;13;5;0.07121794871794872;0.0005153846153846154
8;3;84000;84000;6905;0;12;11;8;0;12;3;0.08220238095238096;0.00047857142857142857
9;2;96000;96000;13030;1;11;22;5;0;11;17;0.13572916666666668;0.00041874999999999996
10;1;99000;99000;2419;3;11;4;1;0;11;3;0.024434343434343433;0.0004060606060606061
;;1000000;;;;;93;;;;67;0.8932227775707954;0.006683631439142361;0.8999064090099378
;;;;;;;0.27956989247311825;;;;;
