ID;Priority;Period;Deadline;WCET;FPS Deadline Miss;FPS Executions;FPS Preemptions;Less;EDF Deadline Miss;EDF Executions;EDF Preemptions;Utilization by work;Utilization by calculable overheads
1;10;26000;26000;396;0;39;0;0;0;39;0;0.01523076923076923;0.001546153846153846
2;9;58000;58000;12842;0;18;8;0;0;18;8;0.22141379310344828;0.000693103448275862
3;8;64000;64000;2129;0;16;2;2;0;16;0;0.033265625;0.000628125
4;7;69000;69000;2424;0;15;2;2;0;15;0;0.035130434782608695;0.0005826086956521739
5;6;78000;78000;6671;0;13;2;-2;0;13;4;0.08552564102564103;0.0005153846153846154
6;5;80000;80000;12754;0;13;13;3;0;13;10;0.159425;0.0005024999999999999
7;4;84000;84000;14062;0;12;14;2;0;12;12;0.16740476190476192;0.00047857142857142857
8;3;85000;85000;9749;1;12;18;10;0;12;8;0.11469411764705882;0.0004729411764705882
9;2;88000;88000;695;1;12;2;1;0;11;1;0.007897727272727273;0.0004568181818181818
10;1;96000;96000;9949;5;10;16;8;0;10;8;0.10363541666666666;0.00041874999999999996
;;1000000;;;;;77;;;;51;0.943623286633682;0.006294956392326696;0.9499182430260087
;;;;;;;0.33766233766233766;;;;;
