ID;Priority;Period;Deadline;WCET;FPS Deadline Miss;FPS Executions;FPS Preemptions;Less;EDF Deadline Miss;EDF Executions;EDF Preemptions;Utilization by work;Utilization by calculable overheads
1;10;29000;29000;154;0;35;0;0;0;35;0;0.005310344827586207;0.001386206896551724
2;9;36000;36000;1711;0;28;1;0;0;28;1;0.04752777777777778;0.0011166666666666666
3;8;47000;47000;7008;0;22;10;0;0;22;10;0.14910638297872342;0.0008553191489361703
4;7;52000;52000;5015;0;20;7;0;0;20;7;0.09644230769230769;0.000773076923076923
5;6;55000;55000;498;0;19;0;0;0;19;0;0.009054545454545454;0.0007309090909090909
6;5;76000;76000;66;0;14;0;0;0;14;0;0.000868421052631579;0.0005289473684210527
7;4;86000;86000;2353;0;12;5;0;0;12;5;0.02736046511627907;0.00046744186046511623
8;3;91000;91000;4420;0;11;6;0;0;11;6;0.04857142857142857;0.0004417582417582418
9;2;94000;94000;4588;0;11;5;0;0;11;5;0.04880851063829787;0.00042765957446808513
10;1;97000;97000;10646;0;11;16;0;0;11;16;0.10975257731958762;0.00041443298969072163
;;1000000;;;;;50;;;;50;0.5428027614291653;0.0071424187609437926;0.5499451801901091
;;;;;;;0.0;;;;;
