ID;Priority;Period;Deadline;WCET;FPS Deadline Miss;FPS Executions;FPS Preemptions;Less;EDF Deadline Miss;EDF Executions;EDF Preemptions;Utilization by work;Utilization by calculable overheads
1;10;14000;14000;108;0;72;0;0;0;72;0;0.007714285714285714;0.002871428571428571
2;9;18000;18000;3290;0;56;8;0;0;56;8;0.1827777777777778;0.0022333333333333333
3;8;30000;30000;2940;0;34;5;-1;0;34;6;0.098;0.00134
4;7;36000;36000;7323;0;28;20;6;0;28;14;0.20341666666666666;0.0011166666666666666
5;6;37000;37000;1871;0;27;7;1;0;27;6;0.05056756756756757;0.0010864864864864863
6;5;44000;44000;1165;0;23;5;1;0;23;4;0.026477272727272728;0.0009136363636363636
7;4;61000;61000;3971;0;17;12;0;0;17;12;0.06509836065573771;0.000659016393442623
8;3;63000;63000;1754;0;16;3;0;0;16;3;0.02784126984126984;0.0006380952380952382
9;2;78000;78000;669;0;13;1;0;0;13;1;0.008576923076923077;0.0005153846153846154
10;1;89000;89000;1561;0;12;3;0;0;12;3;0.01753932584269663;0.00045168539325842697
;;1000000;;;;;64;;;;57;0.6880094498701976;0.011825733061732322;0.6998351829319299
;;;;;;;0.109375;;;;;
