ID;Priority;Period;Deadline;WCET;FPS Deadline Miss;FPS Executions;FPS Preemptions;Less;EDF Deadline Miss;EDF Executions;EDF Preemptions;Utilization by work;Utilization by calculable overheads
1;10;12000;12000;106;0;84;0;0;0;84;0;0.008833333333333334;0.0033499999999999997
2;9;25000;25000;168;0;40;0;0;0;40;0;0.00672;0.001608
3;8;38000;38000;2320;0;27;6;0;0;27;6;0.061052631578947365;0.0010578947368421053
4;7;38000;38000;1275;0;27;1;0;0;27;1;0.03355263157894737;0.0010578947368421053
5;6;41000;41000;5918;0;25;21;1;0;25;20;0.14434146341463414;0.0009804878048780487
6;5;77000;77000;178;0;13;0;0;0;13;0;0.0023116883116883116;0.0005220779220779221
7;4;78000;78000;1651;0;13;1;0;0;13;1;0.021166666666666667;0.0005153846153846154
8;3;81000;81000;70;0;13;0;0;0;13;0;0.0008641975308641976;0.0004962962962962963
9;2;82000;82000;12765;0;12;28;0;0;12;28;0.15567073170731707;0.0004902439024390243
10;1;98000;98000;5378;0;10;8;0;0;10;8;0.054877551020408165;0.00041020408163265306
;;1000000;;;;;65;;;;64;0.48939089514280665;0.01048848409639277;0.4998793792391994
;;;;;;;0.015384615384615385;;;;;
