ID;Priority;Period;Deadline;WCET;FPS Deadline Miss;FPS Executions;FPS Preemptions;Less;EDF Deadline Miss;EDF Executions;EDF Preemptions;Utilization by work;Utilization by calculable overheads
1;10;33000;33000;310;0;31;0;0;0;31;0;0.009393939393939394;0.0012181818181818183
2;9;42000;42000;1957;0;24;0;0;0;24;0;0.04659523809523809;0.0009571428571428571
3;8;43000;43000;5453;0;24;4;0;0;24;4;0.1268139534883721;0.0009348837209302325
4;7;45000;45000;180;0;23;0;0;0;23;0;0.004;0.0008933333333333334
5;6;50000;50000;1726;0;20;1;0;0;20;1;0.03452;0.000804
6;5;69000;69000;5082;0;15;4;0;0;15;4;0.07365217391304348;0.0005826086956521739
7;4;75000;75000;480;0;14;1;0;0;14;1;0.0064;0.000536
8;3;83000;83000;8552;0;12;25;0;0;12;25;0.10303614457831325;0.00048433734939759034
9;2;91000;91000;10634;0;11;13;0;0;11;13;0.11685714285714285;0.0004417582417582418
10;1;100000;100000;2137;0;10;0;0;0;10;0;0.02137;0.000402
;;1000000;;;;;48;;;;48;0.5426385923260492;0.007254246016396248;0.5498928383424454
;;;;;;;0.0;;;;;
