ID;Priority;Period;Deadline;WCET;FPS Deadline Miss;FPS Executions;FPS Preemptions;Less;EDF Deadline Miss;EDF Executions;EDF Preemptions;Utilization by work;Utilization by calculable overheads
1;10;34000;34000;587;0;30;0;0;0;30;0;0.017264705882352942;0.0011823529411764705
2;9;41000;41000;3849;0;25;2;0;0;25;2;0.0938780487804878;0.0009804878048780487
3;8;50000;50000;1423;0;20;1;0;0;20;1;0.02846;0.000804
4;7;52000;52000;314;0;20;0;0;0;19;0;0.0060384615384615386;0.000773076923076923
5;6;65000;65000;20656;0;15;29;8;0;15;21;0.3177846153846154;0.0006184615384615384
6;5;74000;74000;1606;0;14;1;0;0;14;1;0.021702702702702702;0.0005432432432432432
7;4;82000;82000;5323;0;12;7;-2;0;12;9;0.06491463414634147;0.0004902439024390243
8;3;85000;85000;5671;0;12;8;0;0;12;8;0.06671764705882353;0.0004729411764705882
9;2;87000;87000;8485;0;12;16;4;0;12;12;0.09752873563218391;0.00046206896551724135
10;1;100000;100000;7891;0;10;13;5;0;10;8;0.07891;0.000402
;;1000000;;;;;77;;;;62;0.7931995511259693;0.006728876495263077;0.7999284276212324
;;;;;;;0.19480519480519481;;;;;
