ID;Priority;Period;Deadline;WCET;FPS Deadline Miss;FPS Executions;FPS Preemptions;Less;EDF Deadline Miss;EDF Executions;EDF Preemptions;Utilization by work;Utilization by calculable overheads
1;10;10000;10000;1170;0;100;0;0;0;100;0;0.117;0.004019999999999999
2;9;13000;13000;92;0;77;0;0;0;77;0;0.007076923076923077;0.003092307692307692
3;8;22000;22000;476;0;46;0;-1;0;46;1;0.021636363636363638;0.0018272727272727273
4;7;22000;22000;459;0;46;1;1;0;46;0;0.020863636363636362;0.0018272727272727273
5;6;29000;29000;163;0;35;0;0;0;35;0;0.005620689655172414;0.001386206896551724
6;5;67000;67000;23847;0;15;90;0;0;15;90;0.35592537313432837;0.0006000000000000001
7;4;82000;82000;4405;0;13;13;1;0;13;12;0.05371951219512195;0.0004902439024390243
8;3;83000;83000;2387;0;13;8;0;0;13;8;0.028759036144578313;0.00048433734939759034
9;2;100000;100000;7515;0;10;20;1;0;10;19;0.07515;0.000402
10;1;100000;100000;4947;0;10;19;-2;0;10;21;0.04947;0.000402
;;1000000;;;;;151;;;;151;0.735221534206124;0.014531641295241484;0.7497531755013656
;;;;;;;0.0;;;;;
