ID;Priority;Period;Deadline;WCET;FPS Deadline Miss;FPS Executions;FPS Preemptions;Less;EDF Deadline Miss;EDF Executions;EDF Preemptions;Utilization by work;Utilization by calculable overheads
1;10;11000;11000;1046;0;91;0;0;0;91;0;0.09509090909090909;0.0036545454545454546
2;9;18000;18000;7432;0;56;35;5;0;56;30;0.4128888888888889;0.0022333333333333333
3;8;20000;20000;1630;0;50;5;0;0;50;5;0.0815;0.0020099999999999996
4;7;25000;25000;508;0;40;1;0;0;40;1;0.02032;0.001608
5;6;30000;30000;1710;0;33;13;6;0;33;7;0.057;0.00134
6;5;41000;41000;749;0;25;4;0;0;25;4;0.018268292682926828;0.0009804878048780487
7;4;46000;46000;1961;0;22;8;-2;0;22;10;0.042630434782608695;0.0008739130434782608
8;3;72000;72000;6104;0;14;30;0;0;14;30;0.08477777777777777;0.0005583333333333333
9;2;89000;89000;5724;0;12;23;2;0;12;21;0.06431460674157304;0.00045168539325842697
10;1;100000;100000;885;0;10;3;0;0;10;3;0.00885;0.000402
;;1000000;;;;;122;;;;111;0.8856409099646845;0.014112298362826854;0.8997532083275114
;;;;;;;0.09016393442622951;;;;;
