ID;Priority;Period;Deadline;WCET;FPS Deadline Miss;FPS Executions;FPS Preemptions;Less;EDF Deadline Miss;EDF Executions;EDF Preemptions;Utilization by work;Utilization by calculable overheads
1;10;17000;17000;22;0;59;0;0;0;59;0;0.0012941176470588236;0.002364705882352941
2;9;40000;40000;310;0;25;0;0;0;25;0;0.00775;0.0010049999999999998
3;8;52000;52000;2947;0;20;3;0;0;20;3;0.05667307692307692;0.000773076923076923
4;7;53000;53000;2676;0;19;4;0;0;19;4;0.05049056603773585;0.0007584905660377359
5;6;61000;61000;5178;0;17;12;0;0;17;12;0.08488524590163934;0.000659016393442623
6;5;70000;70000;9294;0;15;14;0;0;15;14;0.13277142857142857;0.0005742857142857142
7;4;71000;71000;3569;0;15;6;1;0;15;5;0.050267605633802816;0.0005661971830985916
8;3;73000;73000;6551;0;14;11;0;0;14;11;0.08973972602739726;0.0005506849315068494
9;2;81000;81000;5294;0;13;9;1;0;13;8;0.06535802469135803;0.0004962962962962963
10;1;85000;85000;207;0;12;0;0;0;12;0;0.002435294117647059;0.0004729411764705882
;;1000000;;;;;59;;;;57;0.5416650855511448;0.008220695066568261;0.5498857806177131
;;;;;;;0.03389830508474576;;;;;
