ID;Priority;Period;Deadline;WCET;FPS Deadline Miss;FPS Executions;FPS Preemptions;Less;EDF Deadline Miss;EDF Executions;EDF Preemptions;Utilization by work;Utilization by calculable overheads
1;10;13000;13000;580;0;77;0;0;0;77;0;0.04461538461538461;0.003092307692307692
2;9;21000;21000;553;0;48;0;0;0;48;0;0.026333333333333334;0.0019142857142857143
3;8;27000;27000;3678;0;37;13;0;0;37;13;0.13622222222222222;0.001488888888888889
4;7;37000;37000;7514;0;27;32;-3;0;27;35;0.20308108108108108;0.0010864864864864863
5;6;40000;40000;6525;0;25;35;4;0;25;31;0.163125;0.0010049999999999998
6;5;43000;43000;4917;0;24;20;3;0;24;17;0.11434883720930232;0.0009348837209302325
7;4;50000;50000;287;0;20;0;0;0;20;0;0.00574;0.000804
8;3;50000;50000;3104;0;20;21;2;0;20;19;0.06208;0.000804
9;2;55000;55000;518;0;19;5;2;0;19;3;0.009418181818181819;0.0007309090909090909
10;1;85000;85000;1916;0;12;6;0;0;12;6;0.022541176470588235;0.0004729411764705882
;;1000000;;;;;132;;;;124;0.7875052167500937;0.012333702770278692;0.7998389195203723
;;;;;;;0.06060606060606061;;;;;
