ID;Priority;Period;Deadline;WCET;FPS Deadline Miss;FPS Executions;FPS Preemptions;Less;EDF Deadline Miss;EDF Executions;EDF Preemptions;Utilization by work;Utilization by calculable overheads
1;10;15000;15000;677;0;67;0;0;0;67;0;0.04513333333333333;0.00268
2;9;32000;32000;2769;0;32;4;1;0;32;3;0.08653125;0.00125625
3;8;34000;34000;8618;0;30;20;3;0;30;17;0.2534705882352941;0.0011823529411764705
4;7;36000;36000;943;0;28;0;0;0;28;0;0.026194444444444444;0.0011166666666666666
5;6;38000;38000;3500;0;26;16;2;0;26;14;0.09210526315789473;0.0010578947368421053
6;5;49000;49000;357;0;21;1;0;0;21;1;0.007285714285714286;0.0008204081632653061
7;4;54000;54000;906;0;19;2;0;0;19;2;0.016777777777777777;0.0007444444444444445
8;3;78000;78000;2789;0;13;4;-1;0;13;5;0.035756410256410256;0.0005153846153846154
9;2;85000;85000;5225;0;12;10;1;0;12;9;0.06147058823529412;0.0004729411764705882
10;1;98000;98000;6360;0;10;18;1;0;10;17;0.06489795918367347;0.00041020408163265306
;;1000000;;;;;75;;;;68;0.6896233289098367;0.01025654682588285;0.6998798757357195
;;;;;;;0.09333333333333334;;;;;
