ID;Priority;Period;Deadline;WCET;FPS Deadline Miss;FPS Executions;FPS Preemptions;Less;EDF Deadline Miss;EDF Executions;EDF Preemptions;Utilization by work;Utilization by calculable overheads
1;10;37000;37000;452;0;28;0;0;0;28;0;0.012216216216216217;0.0010864864864864863
2;9;38000;38000;875;0;27;0;0;0;27;0;0.023026315789473683;0.0010578947368421053
3;8;42000;42000;2762;0;24;3;0;0;24;3;0.06576190476190476;0.0009571428571428571
4;7;46000;46000;1315;0;22;1;0;0;22;1;0.02858695652173913;0.0008739130434782608
5;6;51000;51000;297;0;20;0;0;0;20;0;0.005823529411764706;0.0007882352941176471
6;5;54000;54000;3521;0;19;5;1;0;19;4;0.06520370370370371;0.0007444444444444445
7;4;57000;57000;481;0;18;0;0;0;18;0;0.00843859649122807;0.0007052631578947368
8;3;75000;75000;1361;0;14;1;0;0;14;1;0.018146666666666665;0.000536
9;2;88000;88000;12467;0;12;19;0;0;12;19;0.14167045454545454;0.0004568181818181818
10;1;91000;91000;11227;0;11;27;0;0;11;27;0.12337362637362638;0.0004417582417582418
;;1000000;;;;;56;;;;55;0.4922479704817778;0.00764795644398296;0.4998959269257608
;;;;;;;0.017857142857142856;;;;;
