ID;Priority;Period;Deadline;WCET;FPS Deadline Miss;FPS Executions;FPS Preemptions;Less;EDF Deadline Miss;EDF Executions;EDF Preemptions;Utilization by work;Utilization by calculable overheads
1;10;10000;10000;317;0;100;0;0;0;100;0;0.0317;0.004019999999999999
2;9;31000;31000;169;0;33;0;0;0;33;0;0.005451612903225806;0.001296774193548387
3;8;39000;39000;3678;0;26;11;0;0;26;11;0.09430769230769231;0.0010307692307692307
4;7;43000;43000;1684;0;24;5;0;0;24;5;0.03916279069767442;0.0009348837209302325
5;6;51000;51000;304;0;20;0;0;0;20;0;0.00596078431372549;0.0007882352941176471
6;5;52000;52000;355;0;20;2;0;0;20;2;0.006826923076923077;0.000773076923076923
7;4;63000;63000;5022;0;16;13;0;0;16;13;0.07971428571428571;0.0006380952380952382
8;3;78000;78000;3788;0;13;5;-1;0;13;6;0.04856410256410256;0.0005153846153846154
9;2;94000;94000;1364;0;11;2;0;0;11;2;0.01451063829787234;0.00042765957446808513
10;1;97000;97000;15790;0;11;49;1;0;11;48;0.16278350515463919;0.00041443298969072163
;;1000000;;;;;87;;;;87;0.4889823350301409;0.010839311780081079;0.49982164681022195
;;;;;;;0.0;;;;;
