ID;Priority;Period;Deadline;WCET;FPS Deadline Miss;FPS Executions;FPS Preemptions;Less;EDF Deadline Miss;EDF Executions;EDF Preemptions;Utilization by work;Utilization by calculable overheads
1;10;12000;12000;1314;0;84;0;0;0;84;0;0.1095;0.0033499999999999997
2;9;13000;13000;267;0;77;0;0;0;77;0;0.02053846153846154;0.003092307692307692
3;8;14000;14000;98;0;72;0;0;0;72;0;0.007;0.002871428571428571
4;7;15000;15000;1244;0;67;11;7;0;67;4;0.08293333333333333;0.00268
5;6;17000;17000;100;0;59;0;0;0;59;0;0.0058823529411764705;0.002364705882352941
6;5;23000;23000;2480;0;44;32;0;0;44;32;0.10782608695652174;0.0017478260869565217
7;4;31000;31000;1315;0;33;11;-1;0;33;12;0.04241935483870968;0.001296774193548387
8;3;41000;41000;1918;0;25;17;0;0;25;17;0.04678048780487805;0.0009804878048780487
9;2;46000;46000;10758;0;22;99;7;0;22;92;0.2338695652173913;0.0008739130434782608
10;1;83000;83000;1926;0;13;11;0;0;13;11;0.023204819277108435;0.00048433734939759034
;;1000000;;;;;181;;;;168;0.6799544619075806;0.01974178062434801;0.6996962425319286
;;;;;;;0.0718232044198895;;;;;
