ID;Priority;Period;Deadline;WCET;FPS Deadline Miss;FPS Executions;FPS Preemptions;Less;EDF Deadline Miss;EDF Executions;EDF Preemptions;Utilization by work;Utilization by calculable overheads
1;10;13000;13000;392;0;77;0;0;0;77;0;0.030153846153846153;0.003092307692307692
2;9;23000;23000;3007;0;44;10;0;0;44;10;0.1307391304347826;0.0017478260869565217
3;8;36000;36000;1332;0;28;3;-1;0;28;4;0.037;0.0011166666666666666
4;7;38000;38000;643;0;27;1;-1;0;27;2;0.016921052631578948;0.0010578947368421053
5;6;59000;59000;6438;0;17;16;1;0;17;15;0.10911864406779662;0.0006813559322033898
6;5;75000;75000;3594;0;14;8;-1;0;14;9;0.04792;0.000536
7;4;76000;76000;8133;0;13;19;0;0;13;19;0.10701315789473684;0.0005289473684210527
8;3;85000;85000;14801;0;12;37;-1;0;12;38;0.1741294117647059;0.0004729411764705882
9;2;87000;87000;6931;0;12;27;10;0;12;17;0.07966666666666666;0.00046206896551724135
10;1;91000;91000;18842;4;11;48;13;0;11;35;0.20705494505494507;0.0004417582417582418
;;1000000;;;;;169;;;;149;0.9397168546690587;0.0101377668671435;0.9498546215362023
;;;;;;;0.11834319526627218;;;;;
