ID;Priority;Period;Deadline;WCET;FPS Deadline Miss;FPS Regular Completions;FPS Preemptions;Less;EDF Deadline Miss;EDF Regular Completions;EDF Preemptions;Utilization by work;Utilization by calculable overheads;;FPS Min Response Jitter;FPS Max Response Jitter;FPS Min Release Jitter;FPS Max Release Jitter;FPS Avarage Response Jitter;EDF Min Response Jitter;EDF Max Response Jitter;EDF Min Release Jitter;EDF Max Release Jitter;EDF Avarage Response Jitter
1;4;37000;37000;197;0;28;0;0;0;28;0;0.005324324324324324;0.0005313513513513513;;36315;36350;4649;11428;36344;36225;37207;3645;1522896;37027
2;3;67000;67000;41340;0;15;16;4;0;15;12;0.6170149253731343;0.0002934328358208955;;7490482;7542485;4543;50554;7497457;7450931;7503564;3652;906782;7487571
3;2;76000;76000;17957;0;13;9;1;0;13;8;0.2362763157894737;0.0002586842105263158;;3235159;10736958;4543;7544452;4406701;3235190;10737656;3666;7542283;3830085
4;1;83000;83000;3267;0;12;6;0;0;12;6;0.03936144578313253;0.0002368674698795181;;589406;8130679;4543;10781970;1232373;589350;8131051;3666;10779827;1232387
;;1000000;;;;;31;;;;26;0.8979770112700648;0.0013203358675780807;0.8992973471376429
;;;;;;;0.16129032258064516;;;;;
