ID;Priority;Period;Deadline;WCET;FPS Deadline Miss;FPS Regular Completions;FPS Preemptions;Less;EDF Deadline Miss;EDF Regular Completions;EDF Preemptions;Utilization by work;Utilization by calculable overheads;;FPS Min Response Jitter;FPS Max Response Jitter;FPS Min Release Jitter;FPS Max Release Jitter;FPS Avarage Response Jitter;EDF Min Response Jitter;EDF Max Response Jitter;EDF Min Release Jitter;EDF Max Release Jitter;EDF Avarage Response Jitter
1;6;10000;10000;517;0;100;0;0;0;100;0;0.0517;0.0019660000000000003;;93911;93946;4543;13180;93940;93821;94803;3645;11962;94748
2;5;14000;14000;544;0;72;0;0;0;72;0;0.038857142857142854;0.0014042857142857143;;98808;99727;3938;109902;98822;98817;99665;3645;108500;99455
3;4;38000;38000;4121;0;27;17;0;0;27;17;0.10844736842105263;0.0005173684210526316;;743116;950421;4543;211027;816014;743028;951088;3652;209613;816493
4;3;67000;67000;10782;0;15;30;-2;0;15;32;0.16092537313432836;0.0002934328358208955;;2044096;3109159;4567;956426;2371209;2048108;3104644;3652;2108001;2541688
5;2;69000;69000;14489;0;15;34;0;0;15;34;0.20998550724637682;0.00028492753623188407;;2814384;3772557;4567;3109039;3240829;2814349;3774445;3652;5176988;3041516
6;1;91000;91000;29391;2;11;84;12;0;11;72;0.322978021978022;0.00021604395604395604;;9582301;12600380;4543;6030578;12167501;5810838;9695468;3666;6028730;7890799
;;1000000;;;;;165;;;;155;0.8928934136369227;0.004682058463435082;0.8975754721003577
;;;;;;;0.06060606060606061;;;;;
