ID;Priority;Period;Deadline;WCET;FPS Deadline Miss;FPS Executions;FPS Preemptions;Less;EDF Deadline Miss;EDF Executions;EDF Preemptions;Utilization by work;Utilization by calculable overheads
1;6;14000;14000;2614;0;72;0;0;0;72;0;0.18671428571428572;0.002871428571428571
2;5;35000;35000;1209;0;29;0;0;0;29;0;0.034542857142857146;0.0011485714285714285
3;4;42000;42000;14155;0;24;28;4;0;24;24;0.3370238095238095;0.0009571428571428571
4;3;50000;50000;15235;0;20;32;6;0;20;26;0.3047;0.000804
5;2;74000;74000;1461;0;14;0;-2;0;14;2;0.019743243243243242;0.0005432432432432432
6;1;80000;80000;830;1;13;5;3;0;13;2;0.010375;0.0005024999999999999
;;1000000;;;;;65;;;;54;0.8930991956241957;0.0068268861003860995;0.8999260817245818
;;;;;;;0.16923076923076924;;;;;
