ID;Priority;Period;Deadline;WCET;FPS Deadline Miss;FPS Regular Completions;FPS Preemptions;Less;EDF Deadline Miss;EDF Regular Completions;EDF Preemptions;Utilization by work;Utilization by calculable overheads;;FPS Min Response Jitter;FPS Max Response Jitter;FPS Min Release Jitter;FPS Max Release Jitter;FPS Avarage Response Jitter;EDF Min Response Jitter;EDF Max Response Jitter;EDF Min Release Jitter;EDF Max Release Jitter;EDF Avarage Response Jitter
1;6;29000;29000;3254;0;35;0;0;0;35;0;0.11220689655172414;0.0006779310344827587;;586940;591763;4543;13180;588491;586852;592968;3645;678121;588995
2;5;30000;30000;4695;0;34;4;4;0;34;0;0.1565;0.0006553333333333334;;846476;1444966;4543;602929;917601;846470;855816;3645;641541;848649
3;4;46000;46000;10474;0;22;13;-2;0;22;15;0.22769565217391305;0.0004273913043478261;;1887380;3339560;4543;1451707;2351081;1887325;3343726;3666;1761156;2483386
4;3;54000;54000;11660;0;19;23;6;0;19;17;0.21592592592592594;0.00036407407407407406;;2100962;5448083;4543;3341362;3724037;2101027;5448708;3666;3339970;3107795
5;2;62000;62000;5835;0;16;9;0;0;16;9;0.09411290322580645;0.0003170967741935484;;1051800;7952721;4543;6892378;2148997;1051719;4613664;3666;6891141;1792793
6;1;74000;74000;6618;1;13;13;4;0;13;9;0.08943243243243243;0.00026567567567567567;;1192820;9151137;4543;7946652;3994510;1192762;6648670;3666;7945440;2573380
;;1000000;;;;;62;;;;50;0.8958738103098021;0.002707502196107216;0.8985813125059093
;;;;;;;0.1935483870967742;;;;;
