ID;Priority;Period;Deadline;WCET;FPS Deadline Miss;FPS Executions;FPS Preemptions;Less;EDF Deadline Miss;EDF Executions;EDF Preemptions;Utilization by work;Utilization by calculable overheads
1;4;10000;10000;2435;0;100;0;0;0;100;0;0.2435;0.004019999999999999
2;3;39000;39000;19505;0;26;64;0;0;26;64;0.5001282051282051;0.0010307692307692307
3;2;60000;60000;798;0;17;2;2;0;17;0;0.0133;0.00067
4;1;80000;80000;10941;0;12;29;-2;0;12;31;0.1367625;0.0005024999999999999
;;1000000;;;;;95;;;;95;0.893690705128205;0.00622326923076923;0.8999139743589742
;;;;;;;0.0;;;;;
