ID;Priority;Period;Deadline;WCET;FPS Deadline Miss;FPS Executions;FPS Preemptions;Less;EDF Deadline Miss;EDF Executions;EDF Preemptions;Utilization by work;Utilization by calculable overheads
1;4;10000;10000;2931;0;100;0;0;0;100;0;0.2931;0.004019999999999999
2;3;14000;14000;4556;0;72;28;14;0;72;14;0.32542857142857146;0.002871428571428571
3;2;37000;37000;258;0;28;0;0;0;28;0;0.006972972972972973;0.0010864864864864863
4;1;90000;90000;23940;0;11;83;2;0;11;81;0.266;0.0004466666666666667
;;1000000;;;;;111;;;;95;0.8915015444015445;0.008424581724581723;0.8999261261261262
;;;;;;;0.14414414414414414;;;;;
