ID;Priority;Period;Deadline;WCET;FPS Deadline Miss;FPS Regular Completions;FPS Preemptions;Less;EDF Deadline Miss;EDF Regular Completions;EDF Preemptions;Utilization by work;Utilization by calculable overheads;;FPS Min Response Jitter;FPS Max Response Jitter;FPS Min Release Jitter;FPS Max Release Jitter;FPS Avarage Response Jitter;EDF Min Response Jitter;EDF Max Response Jitter;EDF Min Release Jitter;EDF Max Release Jitter;EDF Avarage Response Jitter
1;6;10000;10000;298;0;100;0;0;0;100;0;0.0298;0.0019660000000000003;;54505;54540;4543;13180;54534;54415;55397;3645;11962;55341
2;5;50000;50000;4218;0;20;0;-5;0;20;5;0.08436;0.0003932;;760591;764547;62760;70496;760984;760503;823680;62542;4368193;776696
3;4;64000;64000;559;0;16;0;0;0;16;0;0.008734375;0.0003071875;;101481;101616;4543;833307;101514;101424;105660;3666;3331801;102143
4;3;66000;66000;36152;0;15;60;3;0;15;57;0.5477575757575758;0.0002978787878787879;;6702889;7638002;4543;937197;7331680;6702360;7533365;3666;1845311;6952848
5;2;71000;71000;13240;0;14;31;11;0;14;20;0.18647887323943663;0.0002769014084507042;;2447358;10155820;4543;7700899;4441096;2447178;9221519;3666;7698657;3072479
6;1;74000;74000;2777;0;14;9;1;0;14;8;0.037527027027027024;0.00026567567567567567;;500977;8034227;4543;10977430;1147739;500924;8033875;3666;10149762;1070645
;;1000000;;;;;100;;;;90;0.8946578510240394;0.0035068433720051684;0.8981646943960445
;;;;;;;0.1;;;;;
