ID;Priority;Period;Deadline;WCET;FPS Deadline Miss;FPS Regular Completions;FPS Preemptions;Less;EDF Deadline Miss;EDF Regular Completions;EDF Preemptions;Utilization by work;Utilization by calculable overheads;;FPS Min Response Jitter;FPS Max Response Jitter;FPS Min Release Jitter;FPS Max Release Jitter;FPS Avarage Response Jitter;EDF Min Response Jitter;EDF Max Response Jitter;EDF Min Release Jitter;EDF Max Release Jitter;EDF Avarage Response Jitter
1;6;10000;10000;524;0;100;0;0;0;100;0;0.0524;0.0019660000000000003;;95186;95221;4543;13180;95215;95096;96078;3645;11962;96018
2;5;35000;35000;5063;0;29;14;0;0;29;14;0.14465714285714285;0.0005617142857142857;;912808;1019232;4543;111177;962713;912719;1020224;3652;109775;963013
3;4;58000;58000;5666;0;18;12;2;0;18;10;0.09768965517241379;0.00033896551724137933;;1021371;2048010;4543;1026205;1345433;1021288;2143501;3666;4736356;1283113
4;3;66000;66000;6062;0;16;11;-3;0;15;14;0.09184848484848485;0.0002978787878787879;;1092737;2224613;4649;2153011;1458341;1092684;2224988;3652;4425560;1557964
5;2;77000;77000;28083;0;13;58;10;0;13;48;0.3647142857142857;0.00025532467532467533;;6288171;9637891;4543;3248202;7702795;5272134;7422677;3666;3246565;6440556
6;1;95000;95000;13602;2;10;26;6;0;11;20;0.14317894736842104;0.00020694736842105264;;2553443;13230841;103441;9641027;7376975;2553287;12094139;103223;9638575;4975722
;;1000000;;;;;121;;;;106;0.8944885159607483;0.003626830634580181;0.8981153465953284
;;;;;;;0.12396694214876033;;;;;
