ID;Priority;Period;Deadline;WCET;FPS Deadline Miss;FPS Executions;FPS Preemptions;Less;EDF Deadline Miss;EDF Executions;EDF Preemptions;Utilization by work;Utilization by calculable overheads
1;6;30000;30000;3969;0;34;0;0;0;34;0;0.1323;0.00134
2;5;32000;32000;18546;0;31;19;18;0;31;1;0.5795625;0.00125625
3;4;41000;41000;1279;0;25;1;0;0;25;1;0.031195121951219512;0.0009804878048780487
4;3;55000;55000;5755;0;18;7;2;0;18;5;0.10463636363636364;0.0007309090909090909
5;2;56000;56000;782;0;18;3;2;0;18;1;0.013964285714285714;0.0007178571428571428
6;1;85000;85000;2785;1;12;9;1;0;12;8;0.03276470588235294;0.0004729411764705882
;;1000000;;;;;39;;;;16;0.8944229771842218;0.005498445215114871;0.8999214223993367
;;;;;;;0.5897435897435898;;;;;
