ID;Priority;Period;Deadline;WCET;FPS Deadline Miss;FPS Regular Completions;FPS Preemptions;Less;EDF Deadline Miss;EDF Regular Completions;EDF Preemptions;Utilization by work;Utilization by calculable overheads;;FPS Min Response Jitter;FPS Max Response Jitter;FPS Min Release Jitter;FPS Max Release Jitter;FPS Avarage Response Jitter;EDF Min Response Jitter;EDF Max Response Jitter;EDF Min Release Jitter;EDF Max Release Jitter;EDF Avarage Response Jitter
1;4;40000;40000;3393;0;25;0;0;0;25;0;0.084825;0.0004915000000000001;;611965;616018;4543;11428;612152;611875;617103;3645;2668777;612783
2;3;53000;53000;20588;0;19;12;7;0;19;5;0.38845283018867927;0.0003709433962264151;;3709096;4336822;4543;626202;4103321;3709095;4337413;3666;2271971;3876633
3;2;61000;61000;22076;0;16;15;7;0;16;8;0.3619016393442623;0.00032229508196721313;;3977132;8317912;4543;4337600;5836629;3977082;8317484;3666;4336495;4677775
4;1;82000;82000;5136;2;12;6;3;0;12;3;0.06263414634146341;0.00023975609756097561;;925951;9246856;404232;8936204;3728603;925898;5265936;404103;8934960;1701475
;;1000000;;;;;33;;;;16;0.897813615874405;0.001424494575754604;0.8992381104501596
;;;;;;;0.5151515151515151;;;;;
