ID;Priority;Period;Deadline;WCET;FPS Deadline Miss;FPS Regular Completions;FPS Preemptions;Less;EDF Deadline Miss;EDF Regular Completions;EDF Preemptions;Utilization by work;Utilization by calculable overheads;;FPS Min Response Jitter;FPS Max Response Jitter;FPS Min Release Jitter;FPS Max Release Jitter;FPS Avarage Response Jitter;EDF Min Response Jitter;EDF Max Response Jitter;EDF Min Release Jitter;EDF Max Release Jitter;EDF Avarage Response Jitter
1;6;16000;16000;514;0;63;0;0;0;63;0;0.032125;0.00122875;;93384;93419;4543;13180;93413;93294;94276;3645;11962;94226
2;5;27000;27000;1263;0;37;3;0;0;37;3;0.04677777777777778;0.0007281481481481481;;228328;328974;4543;109375;234001;228239;329730;3645;511107;234726
3;4;38000;38000;387;0;27;0;-1;0;27;1;0.010184210526315789;0.0005173684210526316;;70519;70659;4543;339921;70550;70429;171219;3652;2333154;74784
4;3;59000;59000;3628;0;17;7;0;0;17;7;0.061491525423728814;0.00033322033898305084;;654264;990625;4668;412854;718463;654208;991279;3645;4721894;728291
5;2;83000;83000;12258;0;12;18;-3;0;12;21;0.1476867469879518;0.0002368674698795181;;2208759;3206727;4543;1069448;2510398;2309373;3206583;3666;8978830;2549215
6;1;94000;94000;56092;1;10;102;25;0;10;77;0.5967234042553191;0.00020914893617021279;;11714264;15010599;4543;3381356;14058729;10963112;13284434;3666;3379910;11698901
;;1000000;;;;;130;;;;109;0.8949886649710933;0.003253503314233561;0.8982421682853269
;;;;;;;0.16153846153846155;;;;;
