ID;Priority;Period;Deadline;WCET;FPS Deadline Miss;FPS Regular Completions;FPS Preemptions;Less;EDF Deadline Miss;EDF Regular Completions;EDF Preemptions;Utilization by work;Utilization by calculable overheads;;FPS Min Response Jitter;FPS Max Response Jitter;FPS Min Release Jitter;FPS Max Release Jitter;FPS Avarage Response Jitter;EDF Min Response Jitter;EDF Max Response Jitter;EDF Min Release Jitter;EDF Max Release Jitter;EDF Avarage Response Jitter
1;4;16000;16000;1373;0;63;0;0;0;63;0;0.0858125;0.00122875;;248134;248169;4543;11428;248162;248044;249022;3645;563583;248695
2;3;20000;20000;4160;0;50;12;12;0;50;0;0.208;0.0009830000000000001;;750136;1006900;4543;262371;812120;750047;756066;3645;779151;752306
3;2;44000;44000;21212;0;23;57;11;0;23;46;0.48209090909090907;0.00044681818181818185;;4831425;5851651;4543;1014724;5265528;4830884;5094495;3666;1014132;4959566
4;1;52000;52000;6212;2;19;13;3;0;19;10;0.11946153846153847;0.00037807692307692314;;1119663;6974777;256465;6106759;2538801;1119680;6973358;256292;6105284;1654949
;;1000000;;;;;82;;;;56;0.8953649475524476;0.0030366451048951053;0.8984015926573427
;;;;;;;0.3170731707317073;;;;;
