ID;Priority;Period;Deadline;WCET;FPS Deadline Miss;FPS Regular Completions;FPS Preemptions;Less;EDF Deadline Miss;EDF Regular Completions;EDF Preemptions;Utilization by work;Utilization by calculable overheads;;FPS Min Response Jitter;FPS Max Response Jitter;FPS Min Release Jitter;FPS Max Release Jitter;FPS Avarage Response Jitter;EDF Min Response Jitter;EDF Max Response Jitter;EDF Min Release Jitter;EDF Max Release Jitter;EDF Avarage Response Jitter
1;6;34000;34000;6985;0;30;0;0;0;30;0;0.20544117647058824;0.0005782352941176471;;1258993;1267021;4543;13180;1260799;1258907;1268341;3645;256389;1261650
2;5;49000;49000;3410;0;21;2;0;0;21;2;0.06959183673469388;0.0004012244897959184;;615024;1889354;4543;1274982;736596;614933;1890455;3645;3049937;737627
3;4;56000;56000;12494;0;18;7;2;0;18;5;0.22310714285714286;0.00035107142857142856;;2251214;4143536;4543;1892223;2779236;2251156;3526569;3652;3678401;2606485
4;3;66000;66000;102;0;16;0;0;0;16;0;0.0015454545454545454;0.0002978787878787879;;19218;1286436;4543;4145828;98429;19161;23405;3652;5199774;19533
5;2;89000;89000;21471;0;11;34;5;0;11;29;0.24124719101123596;0.0002208988764044944;;5138376;9309464;4543;4167378;7086254;5138365;9309587;3666;4166002;6911963
6;1;91000;91000;14188;1;11;14;10;0;11;4;0.1559120879120879;0.00021604395604395604;;2556357;14156975;3277720;9926735;5622867;2556301;6703740;3278432;9306978;3487399
;;1000000;;;;;57;;;;40;0.8968448895312034;0.0020653528328122323;0.8989102423640157
;;;;;;;0.2982456140350877;;;;;
