ID;Priority;Period;Deadline;WCET;FPS Deadline Miss;FPS Regular Completions;FPS Preemptions;Less;EDF Deadline Miss;EDF Regular Completions;EDF Preemptions;Utilization by work;Utilization by calculable overheads;;FPS Min Response Jitter;FPS Max Response Jitter;FPS Min Release Jitter;FPS Max Release Jitter;FPS Avarage Response Jitter;EDF Min Response Jitter;EDF Max Response Jitter;EDF Min Release Jitter;EDF Max Release Jitter;EDF Avarage Response Jitter
1;4;28000;28000;4700;0;36;0;0;0;36;0;0.16785714285714284;0.0007021428571428571;;847344;851399;4543;11428;848248;847254;852485;3645;923961;848909
2;3;37000;37000;11195;0;27;11;3;0;27;8;0.3025675675675676;0.0005313513513513513;;2017271;2876513;4543;861581;2335233;2017182;2877192;3666;1550564;2272909
3;2;46000;46000;13785;0;22;20;8;0;22;12;0.29967391304347823;0.0004273913043478261;;2483705;5367025;4543;2880436;3934298;2483649;5367491;3666;2879961;3335201
4;1;69000;69000;8758;2;14;17;5;0;14;12;0.12692753623188405;0.00028492753623188407;;1578352;9827865;752487;6221826;4679699;1578203;4461587;755366;6220567;2935817
;;1000000;;;;;48;;;;32;0.8970261597000727;0.0019458130490739186;0.8989719727491466
;;;;;;;0.3333333333333333;;;;;
