ID;Priority;Period;Deadline;WCET;FPS Deadline Miss;FPS Regular Completions;FPS Preemptions;Less;EDF Deadline Miss;EDF Regular Completions;EDF Preemptions;Utilization by work;Utilization by calculable overheads;;FPS Min Response Jitter;FPS Max Response Jitter;FPS Min Release Jitter;FPS Max Release Jitter;FPS Avarage Response Jitter;EDF Min Response Jitter;EDF Max Response Jitter;EDF Min Release Jitter;EDF Max Release Jitter;EDF Avarage Response Jitter
1;6;19000;19000;9272;0;53;0;0;0;53;0;0.488;0.0010347368421052632;;1670883;1684222;4543;13180;1674902;1670796;1685890;3652;11962;1675921
2;5;26000;26000;2007;0;39;4;0;0;39;4;0.0771923076923077;0.0007561538461538463;;362372;2049198;4543;1686872;535548;362282;2050272;3652;1685475;535894
3;4;33000;33000;4140;0;30;9;0;0;30;9;0.12545454545454546;0.0005957575757575758;;746552;2429295;4543;2051462;1108047;746460;2429785;3652;2050052;1108163
4;3;35000;35000;2456;0;29;10;3;0;29;7;0.07017142857142857;0.0005617142857142857;;443190;3244624;4543;2800291;829474;443100;2492960;3652;2798904;784465
5;2;54000;54000;61;0;19;0;0;0;19;0;0.0011296296296296297;0.00036407407407407406;;11840;11870;4543;3245934;11840;11783;12591;3666;6142703;11863
6;1;99000;99000;13138;0;10;38;2;0;10;36;0.13270707070707072;0.0001985858585858586;;7685720;12615736;754998;3260162;9773612;7685729;9814873;754824;3258810;9248856
;;1000000;;;;;61;;;;56;0.8946549820549821;0.003511022482390903;0.8981660045373729
;;;;;;;0.08196721311475409;;;;;
