ID;Priority;Period;Deadline;WCET;FPS Deadline Miss;FPS Regular Completions;FPS Preemptions;Less;EDF Deadline Miss;EDF Regular Completions;EDF Preemptions;Utilization by work;Utilization by calculable overheads;;FPS Min Response Jitter;FPS Max Response Jitter;FPS Min Release Jitter;FPS Max Release Jitter;FPS Avarage Response Jitter;EDF Min Response Jitter;EDF Max Response Jitter;EDF Min Release Jitter;EDF Max Release Jitter;EDF Avarage Response Jitter
1;6;56000;56000;6284;0;18;0;0;0;18;0;0.11221428571428571;0.00035107142857142856;;1132702;1140661;4543;13180;1134934;1132615;1141931;3645;1749071;1135800
2;5;57000;57000;18202;0;18;0;0;0;18;0;0.31933333333333336;0.00034491228070175444;;3279342;3295385;4543;1148691;3284649;3279251;3296177;3645;2704931;3285010
3;4;58000;58000;6051;0;18;0;0;0;18;0;0.10432758620689656;0.00033896551724137933;;1090767;1098811;234950;4430250;1091884;1090711;1099237;235258;5807367;1092349
4;3;96000;96000;27033;0;10;18;6;0;10;12;0.28159375;0.00020479166666666668;;10393900;10402382;4543;5523292;10397202;4874060;10402954;3666;5521905;7863451
5;2;98000;98000;6303;0;10;2;2;0;10;0;0.06431632653061224;0.0002006122448979592;;1136120;5520495;7522576;15920695;1688599;1136069;1140585;7601349;10894670;1137411
6;1;99000;99000;1556;3;10;3;3;0;10;0;0.015717171717171716;0.0001985858585858586;;281126;16209939;7295534;17059034;4182708;281028;281147;7300539;11673863;281119
;;1000000;;;;;23;;;;12;0.8975024535022995;0.0016389389966650469;0.8991413924989645
;;;;;;;0.4782608695652174;;;;;
