ID;Priority;Period;Deadline;WCET;FPS Deadline Miss;FPS Executions;FPS Preemptions;Less;EDF Deadline Miss;EDF Executions;EDF Preemptions;Utilization by work;Utilization by calculable overheads
1;4;16000;16000;3096;0;63;0;0;0;63;0;0.1935;0.0025125
2;3;36000;36000;15389;0;28;28;0;0;28;28;0.4274722222222222;0.0011166666666666666
3;2;70000;70000;14612;0;14;28;1;0;14;27;0.20874285714285715;0.0005742857142857142
4;1;71000;71000;4648;0;14;7;5;0;14;2;0.06546478873239436;0.0005661971830985916
;;1000000;;;;;63;;;;57;0.8951798680974737;0.0047696495640509725;0.8999495176615248
;;;;;;;0.09523809523809523;;;;;
