ID;Priority;Period;Deadline;WCET;FPS Deadline Miss;FPS Regular Completions;FPS Preemptions;Less;EDF Deadline Miss;EDF Regular Completions;EDF Preemptions;Utilization by work;Utilization by calculable overheads;;FPS Min Response Jitter;FPS Max Response Jitter;FPS Min Release Jitter;FPS Max Release Jitter;FPS Avarage Response Jitter;EDF Min Response Jitter;EDF Max Response Jitter;EDF Min Release Jitter;EDF Max Release Jitter;EDF Avarage Response Jitter
1;4;26000;26000;4147;0;39;0;0;0;39;0;0.1595;0.0007561538461538463;;747809;751837;4543;11428;748442;747719;753006;3645;10514;749303
2;3;60000;60000;16444;0;17;10;-1;0;17;11;0.2740666666666667;0.0003276666666666667;;2962667;3722355;4543;762046;3408643;2962578;3723260;3652;2094214;3453688
3;2;85000;85000;11022;0;12;9;2;0;12;7;0.12967058823529412;0.00023129411764705881;;1986134;6466942;4543;3726930;3048356;1986076;5715895;3666;8566562;2675631
4;1;94000;94000;31436;1;10;31;7;0;10;24;0.3344255319148936;0.00020914893617021279;;10143280;15862554;4543;6471029;12563605;6422115;10903250;3666;6469694;8737851
;;1000000;;;;;50;;;;42;0.8976627868168543;0.0015242635666377845;0.8991870503834921
;;;;;;;0.16;;;;;
