ID;Priority;Period;Deadline;WCET;FPS Deadline Miss;FPS Executions;FPS Preemptions;Less;EDF Deadline Miss;EDF Executions;EDF Preemptions;Utilization by work;Utilization by calculable overheads
1;20;19000;19000;82;0;53;0;0;0;53;0;0.00431578947368421;0.0021157894736842106
2;19;20000;20000;138;0;50;0;0;0;50;0;0.0069;0.0020099999999999996
3;18;24000;24000;434;0;42;0;0;0;42;0;0.018083333333333333;0.0016749999999999998
4;17;26000;26000;1107;0;39;2;0;0;39;2;0.042576923076923075;0.001546153846153846
5;16;31000;31000;3530;0;33;16;0;0;33;16;0.11387096774193549;0.001296774193548387
6;15;41000;41000;784;0;25;0;-1;0;25;1;0.019121951219512195;0.0009804878048780487
7;14;44000;44000;1076;0;23;5;1;0;23;4;0.024454545454545455;0.0009136363636363636
8;13;47000;47000;1627;0;22;4;1;0;22;3;0.034617021276595744;0.0008553191489361703
9;12;50000;50000;2310;0;20;10;1;0;20;9;0.0462;0.000804
10;11;52000;52000;2403;0;20;7;-1;0;20;8;0.046211538461538464;0.000773076923076923
11;10;54000;54000;5140;0;19;20;0;0;19;20;0.09518518518518519;0.0007444444444444445
12;9;62000;62000;1599;0;17;12;-1;0;17;13;0.02579032258064516;0.0006483870967741935
13;8;71000;71000;866;0;15;3;-2;0;15;5;0.012197183098591548;0.0005661971830985916
14;7;72000;72000;6104;0;14;17;1;0;14;16;0.08477777777777777;0.0005583333333333333
15;6;75000;75000;3278;0;14;14;-1;0;14;15;0.043706666666666665;0.000536
16;5;77000;77000;1516;0;13;4;-4;0;13;8;0.01968831168831169;0.0005220779220779221
17;4;79000;79000;6832;0;13;32;1;0;13;31;0.08648101265822784;0.0005088607594936708
18;3;82000;82000;2282;0;13;16;6;0;13;10;0.027829268292682927;0.0004902439024390243
19;2;86000;86000;8745;1;12;46;8;0;12;38;0.10168604651162791;0.00046744186046511623
20;1;92000;92000;2543;2;11;19;6;0;11;13;0.027641304347826086;0.0004369565217391304
;;1000000;;;;;227;;;;212;0.8813351488456107;0.01844918077777937;0.8997843296233901
;;;;;;;0.06607929515418502;;;;;
