ID;Priority;Period;Deadline;WCET;FPS Deadline Miss;FPS Regular Completions;FPS Preemptions;Less;EDF Deadline Miss;EDF Regular Completions;EDF Preemptions;Utilization by work;Utilization by calculable overheads;;FPS Min Response Jitter;FPS Max Response Jitter;FPS Min Release Jitter;FPS Max Release Jitter;FPS Avarage Response Jitter;EDF Min Response Jitter;EDF Max Response Jitter;EDF Min Release Jitter;EDF Max Release Jitter;EDF Avarage Response Jitter
1;4;19000;19000;3583;0;53;0;0;0;53;0;0.18857894736842104;0.0010347368421052632;;646169;650273;4543;11428;646712;646079;651371;3645;10514;647558
2;3;68000;68000;7819;0;15;5;-3;0;15;8;0.11498529411764706;0.00028911764705882354;;1409155;2067379;4543;660406;1628243;1409072;2070976;3666;5476353;1759625
3;2;81000;81000;23877;0;12;26;4;0;12;22;0.2947777777777778;0.00024271604938271607;;4955611;7030305;4543;2071862;6039426;4955265;7030630;3666;2070756;5577466
4;1;82000;82000;24508;1;12;25;8;0;12;17;0.2988780487804878;0.00023975609756097561;;5069272;12101615;3796617;7683904;6853723;5068955;5727060;3796531;7682270;5343609
;;1000000;;;;;56;;;;47;0.8972200680443336;0.0018063266361077785;0.8990263946804414
;;;;;;;0.16071428571428573;;;;;
