ID;Priority;Period;Deadline;WCET;FPS Deadline Miss;FPS Executions;FPS Preemptions;Less;EDF Deadline Miss;EDF Executions;EDF Preemptions;Utilization by work;Utilization by calculable overheads
1;6;18000;18000;5930;0;56;0;0;0;56;0;0.32944444444444443;0.0022333333333333333
2;5;44000;44000;10016;0;23;13;0;0;23;13;0.22763636363636364;0.0009136363636363636
3;4;72000;72000;10521;0;14;9;-2;0;14;11;0.146125;0.0005583333333333333
4;3;78000;78000;3666;0;13;9;1;0;13;8;0.047;0.0005153846153846154
5;2;84000;84000;9225;0;12;14;5;0;12;9;0.10982142857142857;0.00047857142857142857
6;1;99000;99000;3445;0;11;6;0;0;11;6;0.0347979797979798;0.0004060606060606061
;;1000000;;;;;51;;;;47;0.8948252164502166;0.0051053196803196805;0.8999305361305363
;;;;;;;0.0784313725490196;;;;;
