ID;Priority;Period;Deadline;WCET;FPS Deadline Miss;FPS Regular Completions;FPS Preemptions;Less;EDF Deadline Miss;EDF Regular Completions;EDF Preemptions;Utilization by work;Utilization by calculable overheads;;FPS Min Response Jitter;FPS Max Response Jitter;FPS Min Release Jitter;FPS Max Release Jitter;FPS Avarage Response Jitter;EDF Min Response Jitter;EDF Max Response Jitter;EDF Min Release Jitter;EDF Max Release Jitter;EDF Avarage Response Jitter
1;6;23000;23000;194;0;44;0;0;0;44;0;0.008434782608695653;0.0008547826086956522;;35771;35806;4543;13180;35800;35681;36663;3645;11962;36620
2;5;34000;34000;526;0;30;0;0;0;30;0;0.015470588235294118;0.0005782352941176471;;95543;95578;4543;51762;95571;95453;96435;3652;1719863;96243
3;4;50000;50000;17588;0;20;23;-1;0;20;24;0.35176;0.0003932;;3168743;3319648;4543;149524;3248865;3168773;3321145;3652;1721931;3250003
4;3;51000;51000;112;0;20;0;0;0;20;0;0.002196078431372549;0.00038549019607843143;;21020;25067;4690;3320628;21252;20963;21100;84643;4755834;20986
5;2;71000;71000;22537;0;14;30;1;0;14;29;0.3174225352112676;0.0002769014084507042;;4103224;7556475;4543;3343980;5358448;4103035;7525727;3666;3342599;5347501
6;1;86000;86000;17249;2;12;33;13;0;12;20;0.20056976744186047;0.00022860465116279072;;3150715;13959207;4543;7552575;9279777;3150571;10683633;3666;7551024;5532107
;;1000000;;;;;86;;;;73;0.8958537519284904;0.002717214158505226;0.8985709660869956
;;;;;;;0.1511627906976744;;;;;
