ID;Priority;Period;Deadline;WCET;FPS Deadline Miss;FPS Regular Completions;FPS Preemptions;Less;EDF Deadline Miss;EDF Regular Completions;EDF Preemptions;Utilization by work;Utilization by calculable overheads;;FPS Min Response Jitter;FPS Max Response Jitter;FPS Min Release Jitter;FPS Max Release Jitter;FPS Avarage Response Jitter;EDF Min Response Jitter;EDF Max Response Jitter;EDF Min Release Jitter;EDF Max Release Jitter;EDF Avarage Response Jitter
1;6;10000;10000;446;0;100;0;0;0;100;0;0.0446;0.0019660000000000003;;81144;81179;4543;13180;81173;81054;82036;3645;11962;81975
2;5;12000;12000;1721;0;84;0;0;0;84;0;0.14341666666666666;0.0016383333333333334;;310811;314826;4543;97135;310860;310804;315077;3645;95733;311510
3;4;50000;50000;4416;0;20;6;-5;0;20;11;0.08832;0.0003932;;796228;1118320;89445;410249;892310;796172;1203236;89256;5627556;946250
4;3;62000;62000;1507;0;17;1;-3;0;16;4;0.024306451612903224;0.0003170967741935484;;272261;590383;4666;1208755;291027;272205;362168;3670;7740436;294676
5;2;68000;68000;39660;0;14;139;14;0;14;125;0.5832352941176471;0.00028911764705882354;;9933094;11141759;4543;1483465;10189369;8858945;9975527;3666;1482084;9194329
6;1;93000;93000;812;0;11;6;2;0;11;4;0.008731182795698924;0.00021139784946236562;;147153;11384639;90299;11827550;1361512;147102;9898367;89134;10343435;1201165
;;1000000;;;;;152;;;;144;0.8926095951929159;0.00481514560404807;0.897424740796964
;;;;;;;0.05263157894736842;;;;;
