ID;Priority;Period;Deadline;WCET;FPS Deadline Miss;FPS Regular Completions;FPS Preemptions;Less;EDF Deadline Miss;EDF Regular Completions;EDF Preemptions;Utilization by work;Utilization by calculable overheads;;FPS Min Response Jitter;FPS Max Response Jitter;FPS Min Release Jitter;FPS Max Release Jitter;FPS Avarage Response Jitter;EDF Min Response Jitter;EDF Max Response Jitter;EDF Min Release Jitter;EDF Max Release Jitter;EDF Avarage Response Jitter
1;4;27000;27000;9885;0;37;1;0;0;37;1;0.3661111111111111;0.0007281481481481481;;1781231;1789332;4649;11428;1782564;1781141;1789623;4296;161976;1782996
2;3;54000;54000;17855;0;18;19;19;0;19;0;0.33064814814814814;0.00036407407407407406;;5005473;5014162;1789428;1795468;5009199;3220907;3229262;1789206;1794372;3222883
3;2;68000;68000;1103;0;15;0;0;0;15;0;0.01622058823529412;0.00028911764705882354;;199534;199566;4543;6803799;199538;199478;200283;3666;6802230;199570
4;1;71000;71000;13097;0;14;6;2;0;14;4;0.18446478873239436;0.0002769014084507042;;2359857;9365248;4543;7005609;4361410;2359800;9162477;3666;7004060;4303475
;;1000000;;;;;26;;;;5;0.8974446362269478;0.0016582412777317501;0.8991028775046795
;;;;;;;0.8076923076923077;;;;;
