ID;Priority;Period;Deadline;WCET;FPS Deadline Miss;FPS Regular Completions;FPS Preemptions;Less;EDF Deadline Miss;EDF Regular Completions;EDF Preemptions;Utilization by work;Utilization by calculable overheads;;FPS Min Response Jitter;FPS Max Response Jitter;FPS Min Release Jitter;FPS Max Release Jitter;FPS Avarage Response Jitter;EDF Min Response Jitter;EDF Max Response Jitter;EDF Min Release Jitter;EDF Max Release Jitter;EDF Avarage Response Jitter
1;6;35000;35000;5680;0;29;0;0;0;29;0;0.16228571428571428;0.0005617142857142857;;1023869;1031821;4543;13180;1025952;1023783;1033086;3645;797174;1026865
2;5;45000;45000;595;0;23;0;0;0;23;0;0.013222222222222222;0.0004368888888888889;;107988;108094;4567;1039858;108014;107901;112138;3652;2624634;108541
3;4;46000;46000;9700;0;22;5;0;0;22;5;0.2108695652173913;0.0004273913043478261;;1747961;2783271;4567;1150162;1983440;1747993;2784266;3652;2501570;1984351
4;3;67000;67000;23267;0;15;34;15;0;15;19;0.34726865671641793;0.0002934328358208955;;5338225;8132912;4543;2900488;6717169;4195723;7102595;3666;2899101;5848083
5;2;83000;83000;4845;0;12;9;1;0;12;8;0.05837349397590361;0.0002368674698795181;;873554;9009421;4543;8240933;2688255;873506;9010159;3666;8128453;2542829
6;1;88000;88000;9209;2;12;15;3;0;12;12;0.10464772727272727;0.00022340909090909093;;1659477;12541785;4543;10872197;6918959;1659491;9795197;3666;9008630;4393402
;;1000000;;;;;63;;;;44;0.8966673796903767;0.002179703875560505;0.8988470835659372
;;;;;;;0.30158730158730157;;;;;
