ID;Priority;Period;Deadline;WCET;FPS Deadline Miss;FPS Executions;FPS Preemptions;Less;EDF Deadline Miss;EDF Executions;EDF Preemptions;Utilization by work;Utilization by calculable overheads
1;4;13000;13000;4133;0;77;0;0;0;77;0;0.3179230769230769;0.003092307692307692
2;3;18000;18000;1090;0;56;4;0;0;56;4;0.06055555555555556;0.0022333333333333333
3;2;19000;19000;3047;0;53;19;13;0;53;6;0.16036842105263158;0.0021157894736842106
4;1;38000;38000;13399;0;26;78;28;0;26;50;0.35260526315789475;0.0010578947368421053
;;1000000;;;;;101;;;;60;0.8914523166891588;0.008499325236167341;0.8999516419253262
;;;;;;;0.40594059405940597;;;;;
