ID;Priority;Period;Deadline;WCET;FPS Deadline Miss;FPS Regular Completions;FPS Preemptions;Less;EDF Deadline Miss;EDF Regular Completions;EDF Preemptions;Utilization by work;Utilization by calculable overheads;;FPS Min Response Jitter;FPS Max Response Jitter;FPS Min Release Jitter;FPS Max Release Jitter;FPS Avarage Response Jitter;EDF Min Response Jitter;EDF Max Response Jitter;EDF Min Release Jitter;EDF Max Release Jitter;EDF Avarage Response Jitter
1;4;25000;25000;3279;0;40;0;0;0;40;0;0.13116;0.0007864;;591446;596187;4543;11428;592177;591353;597179;3645;806854;592831
2;3;28000;28000;7402;0;36;10;7;0;36;3;0.26435714285714285;0.0007021428571428571;;1334049;1933380;4543;605683;1500643;1333959;1933965;3652;604587;1385637
3;2;42000;42000;9759;0;24;9;0;0;24;9;0.23235714285714285;0.00046809523809523816;;1758587;2361347;4543;1942353;1983662;1758617;2361373;3652;1941166;1983927
4;1;95000;95000;25537;0;10;42;2;0;10;40;0.2688105263157895;0.00020694736842105264;;10243204;13946324;4543;3702898;11208005;10242654;13945954;3666;3701811;10971869
;;1000000;;;;;61;;;;52;0.8966848120300752;0.002163585463659148;0.8988483974937344
;;;;;;;0.14754098360655737;;;;;
