ID;Priority;Period;Deadline;WCET;FPS Deadline Miss;FPS Regular Completions;FPS Preemptions;Less;EDF Deadline Miss;EDF Regular Completions;EDF Preemptions;Utilization by work;Utilization by calculable overheads;;FPS Min Response Jitter;FPS Max Response Jitter;FPS Min Release Jitter;FPS Max Release Jitter;FPS Avarage Response Jitter;EDF Min Response Jitter;EDF Max Response Jitter;EDF Min Release Jitter;EDF Max Release Jitter;EDF Avarage Response Jitter
1;6;10000;10000;7;0;100;0;0;0;100;0;0.0007;0.0019660000000000003;;2111;2146;4543;13180;2140;2021;3003;3645;11962;2942
2;5;24000;24000;767;0;42;0;0;0;42;0;0.03195833333333333;0.0008191666666666667;;138927;138962;4543;18102;138944;138837;139819;3645;16700;139594
3;4;44000;44000;3738;0;23;5;-1;0;23;6;0.08495454545454545;0.00044681818181818185;;674066;684062;4543;159248;676679;673977;687464;3652;3750926;677932
4;3;61000;61000;1419;0;17;2;-1;0;17;3;0.023262295081967213;0.00032229508196721313;;256418;402737;4666;835710;265606;256361;402834;3652;6215584;274475
5;2;67000;67000;7170;0;15;17;-2;0;15;19;0.10701492537313433;0.0002934328358208955;;1292331;1702368;4668;1094575;1383726;1293185;2139059;3670;7483645;1496095
6;1;100000;100000;64589;0;10;130;24;0;10;106;0.64589;0.0001966;;15073561;16788649;10306;2399261;15828944;12825001;14394998;10091;2397654;13638782
;;1000000;;;;;154;;;;134;0.8937800992429803;0.004044312766272958;0.8978244120092532
;;;;;;;0.12987012987012986;;;;;
