ID;Priority;Period;Deadline;WCET;FPS Deadline Miss;FPS Regular Completions;FPS Preemptions;Less;EDF Deadline Miss;EDF Regular Completions;EDF Preemptions;Utilization by work;Utilization by calculable overheads;;FPS Min Response Jitter;FPS Max Response Jitter;FPS Min Release Jitter;FPS Max Release Jitter;FPS Avarage Response Jitter;EDF Min Response Jitter;EDF Max Response Jitter;EDF Min Release Jitter;EDF Max Release Jitter;EDF Avarage Response Jitter
1;6;50000;50000;4566;0;20;0;0;0;20;0;0.09132;0.0003932;;823220;827207;4543;13180;823840;823134;828342;3645;2501203;824497
2;5;56000;56000;14710;0;18;5;3;0;18;2;0.26267857142857143;0.00035107142857142856;;2650346;3485846;4543;839209;2882954;2650262;3486976;3645;2247634;2746363
3;4;74000;74000;24198;0;14;13;5;0;14;8;0.327;0.00026567567567567567;;4359331;7856296;4543;3491856;6226835;4359271;7857509;3652;3490447;5481200
4;3;90000;90000;2928;0;12;1;1;0;12;0;0.03253333333333333;0.00021844444444444445;;528189;1358797;4543;7853461;597457;528221;532358;3666;7852068;528793
5;2;93000;93000;15227;1;11;15;7;0;11;8;0.16373118279569893;0.00021139784946236562;;2743490;14622165;4543;8384070;7360041;2743438;10607190;3666;8382696;5127149
6;1;99000;99000;2004;2;10;3;2;0;10;1;0.020242424242424242;0.0001985858585858586;;361757;8751464;2577610;25755133;1741651;361775;365904;2577587;11137020;362188
;;1000000;;;;;37;;;;19;0.897505511800028;0.0016383752567397727;0.8991438870567678
;;;;;;;0.4864864864864865;;;;;
