ID;Priority;Period;Deadline;WCET;FPS Deadline Miss;FPS Regular Completions;FPS Preemptions;Less;EDF Deadline Miss;EDF Regular Completions;EDF Preemptions;Utilization by work;Utilization by calculable overheads;;FPS Min Response Jitter;FPS Max Response Jitter;FPS Min Release Jitter;FPS Max Release Jitter;FPS Avarage Response Jitter;EDF Min Response Jitter;EDF Max Response Jitter;EDF Min Release Jitter;EDF Max Release Jitter;EDF Avarage Response Jitter
1;4;18000;18000;277;0;56;0;0;0;56;0;0.01538888888888889;0.0010922222222222223;;50714;50749;4543;11428;50743;50624;51606;3645;10514;51560
2;3;40000;40000;8819;0;25;10;-1;0;25;11;0.220475;0.0004915000000000001;;1589267;1651339;4543;64953;1613027;1589261;1652327;3652;2160436;1615932
3;2;97000;97000;8502;0;11;6;0;0;11;6;0.08764948453608247;0.00020268041237113404;;1532190;3190773;4543;1656524;1996982;1532130;3191542;3666;1655410;1997627
4;1;98000;98000;56195;0;10;54;5;0;10;49;0.5734183673469387;0.0002006122448979592;;11952328;13606993;103612;3190988;13240498;11951456;13547992;103706;3189890;12431747
;;1000000;;;;;70;;;;66;0.8969317407719102;0.0019870148794913158;0.8989187556514014
;;;;;;;0.05714285714285714;;;;;
