ID;Priority;Period;Deadline;WCET;FPS Deadline Miss;FPS Regular Completions;FPS Preemptions;Less;EDF Deadline Miss;EDF Regular Completions;EDF Preemptions;Utilization by work;Utilization by calculable overheads;;FPS Min Response Jitter;FPS Max Response Jitter;FPS Min Release Jitter;FPS Max Release Jitter;FPS Avarage Response Jitter;EDF Min Response Jitter;EDF Max Response Jitter;EDF Min Release Jitter;EDF Max Release Jitter;EDF Avarage Response Jitter
1;4;46000;46000;11809;0;22;0;0;0;22;0;0.25671739130434784;0.0004273913043478261;;2127789;2131917;4543;11428;2129261;2127699;2137217;3645;472874;2130245
2;3;72000;72000;24128;0;14;7;0;0;14;7;0.33511111111111114;0.0002730555555555556;;4346763;6490531;4543;2142026;5417373;4346675;6491408;3666;2306294;5418667
3;2;97000;97000;8139;0;11;1;0;0;11;1;0.08390721649484537;0.00020268041237113404;;1466837;7959593;4543;6491086;2057830;1466782;7960626;3666;6489978;2057964
4;1;100000;100000;22257;1;10;15;5;0;10;10;0.22257;0.0001966;;4009727;14108532;4543;7960202;10128210;4009675;12634954;3666;7959110;7452790
;;1000000;;;;;23;;;;18;0.8983057189103043;0.0010997272722745159;0.8994054461825788
;;;;;;;0.21739130434782608;;;;;
