ID;Priority;Period;Deadline;WCET;FPS Deadline Miss;FPS Executions;FPS Preemptions;Less;EDF Deadline Miss;EDF Executions;EDF Preemptions;Utilization by work;Utilization by calculable overheads
1;10;10000;10000;2038;0;100;0;0;0;100;0;0.2038;0.004019999999999999
2;9;34000;34000;249;0;30;0;0;0;30;0;0.007323529411764706;0.0011823529411764705
3;8;36000;36000;3156;0;28;7;-3;0;28;10;0.08766666666666667;0.0011166666666666666
4;7;37000;37000;3187;0;27;12;0;0;27;12;0.08613513513513514;0.0010864864864864863
5;6;39000;39000;6425;0;26;30;9;0;26;21;0.16474358974358974;0.0010307692307692307
6;5;46000;46000;4449;0;22;19;3;0;22;16;0.09671739130434782;0.0008739130434782608
7;4;52000;52000;7330;0;20;34;6;0;20;28;0.14096153846153847;0.000773076923076923
8;3;62000;62000;2932;1;16;15;3;0;16;12;0.04729032258064516;0.0006483870967741935
9;2;66000;66000;5038;2;15;35;13;0;15;22;0.07633333333333334;0.0006090909090909092
10;1;93000;93000;2519;3;11;9;-1;0;11;10;0.027086021505376343;0.000432258064516129
;;1000000;;;;;161;;;;131;0.9380575281423974;0.011773001362035272;0.9498305295044327
;;;;;;;0.18633540372670807;;;;;
