ID;Priority;Period;Deadline;WCET;FPS Deadline Miss;FPS Executions;FPS Preemptions;Less;EDF Deadline Miss;EDF Executions;EDF Preemptions;Utilization by work;Utilization by calculable overheads
1;10;15000;15000;825;0;67;0;0;0;67;0;0.055;0.00268
2;9;18000;18000;2189;0;56;0;0;0;56;0;0.12161111111111111;0.0022333333333333333
3;8;29000;29000;2065;0;35;10;2;0;35;8;0.07120689655172414;0.001386206896551724
4;7;38000;38000;547;0;27;0;0;0;27;0;0.014394736842105264;0.0010578947368421053
5;6;39000;39000;2722;0;26;5;-1;0;26;6;0.0697948717948718;0.0010307692307692307
6;5;57000;57000;111;0;18;0;0;0;18;0;0.0019473684210526317;0.0007052631578947368
7;4;76000;76000;13668;0;13;44;3;0;13;41;0.1798421052631579;0.0005289473684210527
8;3;77000;77000;20431;0;13;65;10;0;13;55;0.2653376623376623;0.0005220779220779221
9;2;84000;84000;11916;0;12;25;-2;0;12;27;0.14185714285714285;0.00047857142857142857
10;1;91000;91000;1621;1;11;12;2;0;11;10;0.017813186813186815;0.0004417582417582418
;;1000000;;;;;161;;;;147;0.9388050819920148;0.011064822316219776;0.9498699043082346
;;;;;;;0.08695652173913043;;;;;
