ID;Priority;Period;Deadline;WCET;FPS Deadline Miss;FPS Executions;FPS Preemptions;Less;EDF Deadline Miss;EDF Executions;EDF Preemptions;Utilization by work;Utilization by calculable overheads
1;10;12000;12000;125;0;84;0;0;0;84;0;0.010416666666666666;0.0033499999999999997
2;9;18000;18000;332;0;56;0;0;0;56;0;0.018444444444444444;0.0022333333333333333
3;8;24000;24000;9743;0;42;14;14;0;42;0;0.4059583333333333;0.0016749999999999998
4;7;25000;25000;1018;0;40;3;0;0;40;3;0.04072;0.001608
5;6;50000;50000;3518;0;20;16;0;0;20;16;0.07036;0.000804
6;5;58000;58000;7232;0;17;22;0;0;17;22;0.12468965517241379;0.000693103448275862
7;4;65000;65000;3261;0;16;13;-2;0;16;15;0.05016923076923077;0.0006184615384615384
8;3;70000;70000;366;0;15;0;-2;0;14;2;0.005228571428571429;0.0005742857142857142
9;2;75000;75000;386;0;14;1;0;0;14;1;0.005146666666666667;0.000536
10;1;80000;80000;8490;0;12;24;6;0;13;18;0.106125;0.0005024999999999999
;;1000000;;;;;93;;;;77;0.8372585684813271;0.012594684034356447;0.8498532525156836
;;;;;;;0.17204301075268819;;;;;
