ID;Priority;Period;Deadline;WCET;FPS Deadline Miss;FPS Executions;FPS Preemptions;Less;EDF Deadline Miss;EDF Executions;EDF Preemptions;Utilization by work;Utilization by calculable overheads
1;10;11000;11000;346;0;91;0;0;0;91;0;0.03145454545454546;0.0036545454545454546
2;9;15000;15000;554;0;67;0;0;0;67;0;0.03693333333333333;0.00268
3;8;26000;26000;910;0;39;1;0;0;39;1;0.035;0.001546153846153846
4;7;33000;33000;4435;0;31;11;0;0;31;11;0.1343939393939394;0.0012181818181818183
5;6;39000;39000;1302;0;26;3;0;0;26;3;0.03338461538461539;0.0010307692307692307
6;5;54000;54000;3770;0;19;13;3;0;19;10;0.06981481481481482;0.0007444444444444445
7;4;57000;57000;1724;0;18;3;0;0;18;3;0.030245614035087718;0.0007052631578947368
8;3;77000;77000;24535;0;13;86;4;0;13;82;0.31863636363636366;0.0005220779220779221
9;2;84000;84000;5579;0;12;19;1;0;12;18;0.06641666666666667;0.00047857142857142857
10;1;99000;99000;3027;0;11;11;1;0;11;10;0.030575757575757576;0.0004060606060606061
;;1000000;;;;;147;;;;138;0.786855650295124;0.012986067908699488;0.7998417182038235
;;;;;;;0.061224489795918366;;;;;
