ID;Priority;Period;Deadline;WCET;FPS Deadline Miss;FPS Executions;FPS Preemptions;Less;EDF Deadline Miss;EDF Executions;EDF Preemptions;Utilization by work;Utilization by calculable overheads
1;6;61000;61000;19191;0;17;0;0;0;17;0;0.3146065573770492;0.000659016393442623
2;5;66000;66000;4153;0;16;1;1;0;15;0;0.06292424242424242;0.0006090909090909092
3;4;71000;71000;2564;0;14;3;2;0;14;1;0.03611267605633803;0.0005661971830985916
4;3;74000;74000;10547;0;14;4;2;0;14;2;0.14252702702702702;0.0005432432432432432
5;2;92000;92000;19232;0;11;9;6;0;11;3;0.20904347826086955;0.0004369565217391304
6;1;95000;95000;12493;2;10;16;10;0;10;6;0.13150526315789474;0.0004231578947368421
;;1000000;;;;;33;;;;12;0.8967192443034209;0.003237662145351339;0.8999569064487722
;;;;;;;0.6363636363636364;;;;;
