ID;Priority;Period;Deadline;WCET;FPS Deadline Miss;FPS Executions;FPS Preemptions;Less;EDF Deadline Miss;EDF Executions;EDF Preemptions;Utilization by work;Utilization by calculable overheads
1;4;11000;11000;4653;0;91;0;0;0;91;0;0.423;0.0036545454545454546
2;3;22000;22000;1182;0;46;0;0;0;46;0;0.05372727272727273;0.0018272727272727273
3;2;59000;59000;1934;0;17;1;0;0;17;1;0.03277966101694915;0.0006813559322033898
4;1;62000;62000;23785;0;16;72;6;0;16;66;0.3836290322580645;0.0006483870967741935
;;1000000;;;;;73;;;;67;0.8931359660022864;0.006811561210795765;0.8999475272130821
;;;;;;;0.0821917808219178;;;;;
