ID;Priority;Period;Deadline;WCET;FPS Deadline Miss;FPS Executions;FPS Preemptions;Less;EDF Deadline Miss;EDF Executions;EDF Preemptions;Utilization by work;Utilization by calculable overheads
1;4;55000;55000;13888;0;18;1;0;0;18;1;0.2525090909090909;0.0007309090909090909
2;3;61000;61000;15832;0;16;4;3;0;17;1;0.25954098360655736;0.000659016393442623
3;2;62000;62000;20024;0;16;6;5;0;16;1;0.3229677419354839;0.0006483870967741935
4;1;65000;65000;4049;0;15;3;2;0;16;1;0.062292307692307695;0.0006184615384615384
;;1000000;;;;;14;;;;4;0.8973101241434398;0.0026567741195874456;0.8999668982630272
;;;;;;;0.7142857142857143;;;;;
