ID;Priority;Period;Deadline;WCET;FPS Deadline Miss;FPS Executions;FPS Preemptions;Less;EDF Deadline Miss;EDF Executions;EDF Preemptions;Utilization by work;Utilization by calculable overheads
1;6;18000;18000;431;0;56;0;0;0;56;0;0.023944444444444445;0.0022333333333333333
2;5;34000;34000;6901;0;30;11;1;0;30;10;0.20297058823529412;0.0011823529411764705
3;4;68000;68000;4994;0;15;3;2;0;15;1;0.07344117647058823;0.0005911764705882353
4;3;74000;74000;1474;0;14;1;-1;0;14;2;0.019918918918918917;0.0005432432432432432
5;2;79000;79000;6707;0;13;9;-2;0;13;11;0.08489873417721519;0.0005088607594936708
6;1;99000;99000;48441;0;10;58;7;0;10;51;0.4893030303030303;0.0004060606060606061
;;1000000;;;;;82;;;;75;0.8944768925494913;0.0054650273538955595;0.8999419199033868
;;;;;;;0.08536585365853659;;;;;
