ID;Priority;Period;Deadline;WCET;FPS Deadline Miss;FPS Executions;FPS Preemptions;Less;EDF Deadline Miss;EDF Executions;EDF Preemptions;Utilization by work;Utilization by calculable overheads
1;6;21000;21000;1220;0;48;0;0;0;48;0;0.058095238095238096;0.0019142857142857143
2;5;22000;22000;2324;0;46;4;4;0;46;0;0.10563636363636364;0.0018272727272727273
3;4;64000;64000;111;0;16;0;0;0;16;0;0.001734375;0.000628125
4;3;68000;68000;15698;0;15;23;0;0;15;23;0.2308529411764706;0.0005911764705882353
5;2;87000;87000;30;0;12;0;0;0;12;0;0.0003448275862068965;0.00046206896551724135
6;1;100000;100000;49747;0;10;74;19;0;10;55;0.49747;0.000402
;;1000000;;;;;101;;;;78;0.8941337454942793;0.005824928877663919;0.8999586743719432
;;;;;;;0.22772277227722773;;;;;
