ID;Priority;Period;Deadline;WCET;FPS Deadline Miss;FPS Executions;FPS Preemptions;Less;EDF Deadline Miss;EDF Executions;EDF Preemptions;Utilization by work;Utilization by calculable overheads
1;4;10000;10000;1734;0;100;0;0;0;100;0;0.1734;0.004019999999999999
2;3;28000;28000;13053;0;36;50;0;0;36;50;0.46617857142857144;0.0014357142857142856
3;2;56000;56000;8717;0;18;18;0;0;18;18;0.1556607142857143;0.0007178571428571428
4;1;95000;95000;9320;0;10;22;0;0;10;22;0.09810526315789474;0.0004231578947368421
;;1000000;;;;;90;;;;90;0.8933445488721804;0.00659672932330827;0.8999412781954886
;;;;;;;0.0;;;;;
