ID;Priority;Period;Deadline;WCET;FPS Deadline Miss;FPS Executions;FPS Preemptions;Less;EDF Deadline Miss;EDF Executions;EDF Preemptions;Utilization by work;Utilization by calculable overheads
1;6;24000;24000;3997;0;42;0;0;0;42;0;0.16654166666666667;0.0016749999999999998
2;5;41000;41000;7212;0;25;7;1;0;25;6;0.17590243902439023;0.0009804878048780487
3;4;61000;61000;1938;0;17;2;-1;0;17;3;0.03177049180327869;0.000659016393442623
4;3;65000;65000;10814;0;16;16;-2;0;16;18;0.16636923076923077;0.0006184615384615384
5;2;75000;75000;20090;0;13;31;11;0;13;20;0.26786666666666664;0.000536
6;1;94000;94000;8139;1;11;16;7;0;11;9;0.08658510638297873;0.00042765957446808513
;;1000000;;;;;72;;;;56;0.8950356013132117;0.0048966253112502954;0.899932226624462
;;;;;;;0.2222222222222222;;;;;
