ID;Priority;Period;Deadline;WCET;FPS Deadline Miss;FPS Executions;FPS Preemptions;Less;EDF Deadline Miss;EDF Executions;EDF Preemptions;Utilization by work;Utilization by calculable overheads
1;6;12000;12000;2261;0;84;0;0;0;84;0;0.18841666666666668;0.0033499999999999997
2;5;12000;12000;1164;0;84;0;0;0;84;0;0.097;0.0033499999999999997
3;4;15000;15000;1186;0;67;0;0;0;67;0;0.07906666666666666;0.00268
4;3;17000;17000;3770;0;59;25;7;0;59;18;0.22176470588235295;0.002364705882352941
5;2;36000;36000;3350;0;28;10;0;0;28;10;0.09305555555555556;0.0011166666666666666
6;1;73000;73000;15121;0;14;77;0;0;14;77;0.20713698630136987;0.0005506849315068494
;;1000000;;;;;112;;;;105;0.8864405810726117;0.013412057480526457;0.8998526385531381
;;;;;;;0.0625;;;;;
