ID;Priority;Period;Deadline;WCET;FPS Deadline Miss;FPS Executions;FPS Preemptions;Less;EDF Deadline Miss;EDF Executions;EDF Preemptions;Utilization by work;Utilization by calculable overheads
1;6;13000;13000;4151;0;77;0;0;0;77;0;0.3193076923076923;0.003092307692307692
2;5;30000;30000;218;0;34;0;0;0;34;0;0.007266666666666667;0.00134
3;4;45000;45000;649;0;23;0;0;0;23;0;0.014422222222222222;0.0008933333333333334
4;3;48000;48000;836;0;21;1;0;0;21;1;0.017416666666666667;0.0008374999999999999
5;2;74000;74000;16394;0;14;37;0;0;14;37;0.22154054054054054;0.0005432432432432432
6;1;88000;88000;27527;0;11;60;10;0;11;50;0.31280681818181816;0.0004568181818181818
;;1000000;;;;;98;;;;88;0.8927606065856066;0.00716320245070245;0.8999238090363091
;;;;;;;0.10204081632653061;;;;;
