ID;Priority;Period;Deadline;WCET;FPS Deadline Miss;FPS Executions;FPS Preemptions;Less;EDF Deadline Miss;EDF Executions;EDF Preemptions;Utilization by work;Utilization by calculable overheads
1;4;13000;13000;1140;0;77;0;0;0;77;0;0.0876923076923077;0.003092307692307692
2;3;19000;19000;4747;0;53;16;0;0;53;16;0.2498421052631579;0.0021157894736842106
3;2;28000;28000;13923;0;36;72;27;0;36;45;0.49725;0.0014357142857142856
4;1;90000;90000;5225;0;11;20;0;0;11;20;0.058055555555555555;0.0004466666666666667
;;1000000;;;;;108;;;;81;0.8928399685110211;0.007090478118372855;0.8999304466293939
;;;;;;;0.25;;;;;
