ID;Priority;Period;Deadline;WCET;FPS Deadline Miss;FPS Executions;FPS Preemptions;Less;EDF Deadline Miss;EDF Executions;EDF Preemptions;Utilization by work;Utilization by calculable overheads
1;6;16000;16000;995;0;63;0;0;0;63;0;0.0621875;0.0025125
2;5;35000;35000;11510;0;29;19;0;0;29;19;0.32885714285714285;0.0011485714285714285
3;4;49000;49000;6243;0;21;8;-3;0;21;11;0.12740816326530613;0.0008204081632653061
4;3;73000;73000;7320;0;14;14;3;0;14;11;0.10027397260273972;0.0005506849315068494
5;2;78000;78000;18494;0;13;36;5;0;13;31;0.2371025641025641;0.0005153846153846154
6;1;80000;80000;3045;0;13;6;2;0;13;4;0.0380625;0.0005024999999999999
;;1000000;;;;;83;;;;76;0.8938918428277528;0.006050049138728199;0.899941891966481
;;;;;;;0.08433734939759036;;;;;
