ID;Priority;Period;Deadline;WCET;FPS Deadline Miss;FPS Executions;FPS Preemptions;Less;EDF Deadline Miss;EDF Executions;EDF Preemptions;Utilization by work;Utilization by calculable overheads
1;4;10000;10000;1579;0;100;0;0;0;100;0;0.1579;0.004019999999999999
2;3;42000;42000;3101;0;24;4;0;0;24;4;0.07383333333333333;0.0009571428571428571
3;2;51000;51000;932;0;20;1;-1;0;20;2;0.01827450980392157;0.0007882352941176471
4;1;87000;87000;55999;0;11;108;12;0;11;96;0.6436666666666667;0.00046206896551724135
;;1000000;;;;;113;;;;102;0.8936745098039216;0.006227447116777744;0.8999019569206993
;;;;;;;0.09734513274336283;;;;;
