ID;Priority;Period;Deadline;WCET;FPS Deadline Miss;FPS Executions;FPS Preemptions;Less;EDF Deadline Miss;EDF Executions;EDF Preemptions;Utilization by work;Utilization by calculable overheads
1;6;13000;13000;1401;0;77;0;0;0;77;0;0.10776923076923077;0.003092307692307692
2;5;18000;18000;3273;0;56;13;-1;0;56;14;0.18183333333333335;0.0022333333333333333
3;4;21000;21000;6729;0;48;37;15;0;48;22;0.32042857142857145;0.0019142857142857143
4;3;24000;24000;920;0;42;3;2;0;42;1;0.03833333333333333;0.0016749999999999998
5;2;29000;29000;2205;0;35;17;1;0;35;16;0.0760344827586207;0.001386206896551724
6;1;32000;32000;5244;1;31;46;14;0;31;32;0.163875;0.00125625
;;1000000;;;;;116;;;;85;0.8882739516230896;0.011557383636478463;0.8998313352595682
;;;;;;;0.2672413793103448;;;;;
