ID;Priority;Period;Deadline;WCET;FPS Deadline Miss;FPS Executions;FPS Preemptions;Less;EDF Deadline Miss;EDF Executions;EDF Preemptions;Utilization by work;Utilization by calculable overheads
1;6;30000;30000;1644;0;34;0;0;0;34;0;0.0548;0.00134
2;5;31000;31000;1124;0;33;1;1;0;33;0;0.036258064516129035;0.001296774193548387
3;4;37000;37000;15510;0;27;25;14;0;27;11;0.4191891891891892;0.0010864864864864863
4;3;70000;70000;2339;0;15;0;-2;0;14;2;0.033414285714285716;0.0005742857142857142
5;2;75000;75000;21635;0;13;45;11;0;13;34;0.28846666666666665;0.000536
6;1;90000;90000;5626;0;11;3;1;0;11;2;0.06251111111111111;0.0004466666666666667
;;1000000;;;;;74;;;;49;0.8946393171973817;0.005280213060987254;0.8999195302583689
;;;;;;;0.33783783783783783;;;;;
