ID;Priority;Period;Deadline;WCET;FPS Deadline Miss;FPS Executions;FPS Preemptions;Less;EDF Deadline Miss;EDF Executions;EDF Preemptions;Utilization by work;Utilization by calculable overheads
1;6;36000;36000;5821;0;28;0;0;0;28;0;0.16169444444444445;0.0011166666666666666
2;5;38000;38000;11152;0;27;5;5;0;27;0;0.29347368421052633;0.0010578947368421053
3;4;43000;43000;7798;0;23;12;5;0;23;7;0.18134883720930234;0.0009348837209302325
4;3;51000;51000;408;0;20;3;0;0;20;3;0.008;0.0007882352941176471
5;2;75000;75000;3922;0;14;4;0;0;14;4;0.05229333333333333;0.000536
6;1;92000;92000;18241;1;11;37;9;0;11;28;0.19827173913043478;0.0004369565217391304
;;1000000;;;;;61;;;;42;0.8950820383280411;0.004870636940295782;0.8999526752683369
;;;;;;;0.3114754098360656;;;;;
