ID;Priority;Period;Deadline;WCET;FPS Deadline Miss;FPS Executions;FPS Preemptions;Less;EDF Deadline Miss;EDF Executions;EDF Preemptions;Utilization by work;Utilization by calculable overheads
1;6;23000;23000;922;0;44;0;0;0;44;0;0.04008695652173913;0.0017478260869565217
2;5;33000;33000;14246;0;30;19;6;0;30;13;0.4316969696969697;0.0012181818181818183
3;4;56000;56000;16079;0;18;21;0;0;18;21;0.287125;0.0007178571428571428
4;3;65000;65000;6989;0;15;23;4;0;15;19;0.10752307692307693;0.0006184615384615384
5;2;73000;73000;449;0;14;0;0;0;14;0;0.006150684931506849;0.0005506849315068494
6;1;88000;88000;1941;1;11;3;3;0;11;0;0.02205681818181818;0.0004568181818181818
;;1000000;;;;;66;;;;53;0.8946395062551107;0.005309829699782052;0.8999493359548927
;;;;;;;0.19696969696969696;;;;;
