ID;Priority;Period;Deadline;WCET;FPS Deadline Miss;FPS Executions;FPS Preemptions;Less;EDF Deadline Miss;EDF Executions;EDF Preemptions;Utilization by work;Utilization by calculable overheads
1;6;12000;12000;1064;0;84;0;0;0;84;0;0.08866666666666667;0.0033499999999999997
2;5;19000;19000;2704;0;53;8;0;0;53;8;0.1423157894736842;0.0021157894736842106
3;4;45000;45000;14063;0;22;35;0;0;22;35;0.31251111111111113;0.0008933333333333334
4;3;63000;63000;204;0;16;1;0;0;16;1;0.0032380952380952383;0.0006380952380952382
5;2;86000;86000;14274;0;12;34;0;0;12;34;0.16597674418604652;0.00046744186046511623
6;1;92000;92000;16492;0;11;38;2;0;11;36;0.1792608695652174;0.0004369565217391304
;;1000000;;;;;116;;;;114;0.8919692762408211;0.00790161642731703;0.8998708926681381
;;;;;;;0.017241379310344827;;;;;
