ID;Priority;Period;Deadline;WCET;FPS Deadline Miss;FPS Executions;FPS Preemptions;Less;EDF Deadline Miss;EDF Executions;EDF Preemptions;Utilization by work;Utilization by calculable overheads
1;4;14000;14000;16;0;72;0;0;0;72;0;0.001142857142857143;0.002871428571428571
2;3;53000;53000;23648;0;19;31;0;0;19;31;0.446188679245283;0.0007584905660377359
3;2;66000;66000;17376;0;15;24;-1;0;15;25;0.26327272727272727;0.0006090909090909092
4;1;90000;90000;16623;2;11;29;11;0;11;18;0.1847;0.0004466666666666667
;;1000000;;;;;84;;;;74;0.8953042636608673;0.0046856767132238825;0.8999899403740912
;;;;;;;0.11904761904761904;;;;;
