ID;Priority;Period;Deadline;WCET;FPS Deadline Miss;FPS Executions;FPS Preemptions;Less;EDF Deadline Miss;EDF Executions;EDF Preemptions;Utilization by work;Utilization by calculable overheads
1;6;21000;21000;5536;0;48;0;0;0;48;0;0.26361904761904764;0.0019142857142857143
2;5;44000;44000;304;0;23;0;0;0;23;0;0.006909090909090909;0.0009136363636363636
3;4;52000;52000;6785;0;20;9;2;0;20;7;0.13048076923076923;0.000773076923076923
4;3;76000;76000;7496;0;13;9;0;0;13;9;0.09863157894736842;0.0005289473684210527
5;2;84000;84000;30824;0;12;42;9;0;12;33;0.366952380952381;0.00047857142857142857
6;1;87000;87000;2459;1;12;8;3;0;12;5;0.028264367816091953;0.00046206896551724135
;;1000000;;;;;68;;;;54;0.8948572354747492;0.0050705867635087234;0.8999278222382578
;;;;;;;0.20588235294117646;;;;;
