ID;Priority;Period;Deadline;WCET;FPS Deadline Miss;FPS Executions;FPS Preemptions;Less;EDF Deadline Miss;EDF Executions;EDF Preemptions;Utilization by work;Utilization by calculable overheads
1;4;13000;13000;1049;0;77;0;0;0;77;0;0.08069230769230769;0.003092307692307692
2;3;47000;47000;11490;0;22;18;-1;0;22;19;0.244468085106383;0.0008553191489361703
3;2;66000;66000;21906;0;15;33;-3;0;15;36;0.33190909090909093;0.0006090909090909092
4;1;90000;90000;21406;1;11;36;10;0;11;26;0.23784444444444444;0.0004466666666666667
;;1000000;;;;;87;;;;81;0.894913928152226;0.005003384417001437;0.8999173125692275
;;;;;;;0.06896551724137931;;;;;
