ID;Priority;Period;Deadline;WCET;FPS Deadline Miss;FPS Executions;FPS Preemptions;Less;EDF Deadline Miss;EDF Executions;EDF Preemptions;Utilization by work;Utilization by calculable overheads
1;6;10000;10000;2221;0;100;0;0;0;100;0;0.2221;0.004019999999999999
2;5;26000;26000;1697;0;39;0;0;0;39;0;0.06526923076923077;0.001546153846153846
3;4;61000;61000;5121;0;17;11;-7;0;16;18;0.08395081967213115;0.000659016393442623
4;3;73000;73000;7394;0;14;16;2;0;14;14;0.10128767123287671;0.0005506849315068494
5;2;93000;93000;39027;1;10;97;16;0;11;81;0.4196451612903226;0.000432258064516129
6;1;94000;94000;1;1;10;0;0;0;11;0;1.0638297872340426e-05;0.00042765957446808513
;;1000000;;;;;124;;;;113;0.8922635212624335;0.0076357728100875325;0.899899294072521
;;;;;;;0.08870967741935484;;;;;
