ID;Priority;Period;Deadline;WCET;FPS Deadline Miss;FPS Executions;FPS Preemptions;Less;EDF Deadline Miss;EDF Executions;EDF Preemptions;Utilization by work;Utilization by calculable overheads
1;6;30000;30000;8854;0;34;0;0;0;34;0;0.29513333333333336;0.00134
2;5;49000;49000;5335;0;21;3;0;0;21;3;0.10887755102040816;0.0008204081632653061
3;4;62000;62000;16414;0;16;16;0;0;16;16;0.264741935483871;0.0006483870967741935
4;3;78000;78000;1208;0;13;0;0;0;13;0;0.015487179487179488;0.0005153846153846154
5;2;82000;82000;4645;0;12;9;3;0;12;6;0.056646341463414636;0.0004902439024390243
6;1;99000;99000;15329;1;10;20;2;0;10;18;0.15483838383838383;0.0004060606060606061
;;1000000;;;;;48;;;;43;0.8957247246265905;0.004220484383923745;0.8999452090105142
;;;;;;;0.10416666666666667;;;;;
