ID;Priority;Period;Deadline;WCET;FPS Deadline Miss;FPS Executions;FPS Preemptions;Less;EDF Deadline Miss;EDF Executions;EDF Preemptions;Utilization by work;Utilization by calculable overheads
1;6;29000;29000;3427;0;35;0;0;0;35;0;0.11817241379310345;0.001386206896551724
2;5;36000;36000;2654;0;28;2;0;0;28;2;0.07372222222222222;0.0011166666666666666
3;4;37000;37000;51;0;28;0;0;0;27;0;0.0013783783783783783;0.0010864864864864863
4;3;58000;58000;334;0;18;0;0;0;17;0;0.005758620689655172;0.000693103448275862
5;2;94000;94000;56853;0;10;58;8;0;10;50;0.6048191489361702;0.00042765957446808513
6;1;95000;95000;8640;0;10;6;6;0;10;0;0.09094736842105264;0.0004231578947368421
;;1000000;;;;;66;;;;52;0.894798152440582;0.005133280967185666;0.8999314334077677
;;;;;;;0.21212121212121213;;;;;
