ID;Priority;Period;Deadline;WCET;FPS Deadline Miss;FPS Executions;FPS Preemptions;Less;EDF Deadline Miss;EDF Executions;EDF Preemptions;Utilization by work;Utilization by calculable overheads
1;4;68000;68000;21620;0;15;0;0;0;15;0;0.3179411764705882;0.0005911764705882353
2;3;78000;78000;14494;0;13;1;0;0;13;1;0.18582051282051282;0.0005153846153846154
3;2;93000;93000;5041;0;11;2;1;0;11;1;0.054204301075268815;0.000432258064516129
4;1;99000;99000;33666;1;10;17;10;0;10;7;0.34006060606060606;0.0004060606060606061
;;1000000;;;;;20;;;;9;0.8980265964269759;0.0019448797565495856;0.8999714761835255
;;;;;;;0.55;;;;;
