ID;Priority;Period;Deadline;WCET;FPS Deadline Miss;FPS Executions;FPS Preemptions;Less;EDF Deadline Miss;EDF Executions;EDF Preemptions;Utilization by work;Utilization by calculable overheads
1;10;16000;16000;621;0;63;0;0;0;63;0;0.0388125;0.0025125
2;9;31000;31000;7355;0;32;15;-2;0;32;17;0.23725806451612902;0.001296774193548387
3;8;31000;31000;3514;0;32;6;2;0;33;4;0.11335483870967741;0.001296774193548387
4;7;44000;44000;2369;0;23;3;-1;0;23;4;0.05384090909090909;0.0009136363636363636
5;6;51000;51000;3272;0;20;10;1;0;20;9;0.06415686274509803;0.0007882352941176471
6;5;69000;69000;2294;0;15;5;1;0;15;4;0.0332463768115942;0.0005826086956521739
7;4;77000;77000;9414;0;13;15;3;0;13;12;0.12225974025974026;0.0005220779220779221
8;3;77000;77000;3759;0;13;9;-2;0;13;11;0.048818181818181816;0.0005220779220779221
9;2;84000;84000;1494;0;12;5;2;0;12;3;0.017785714285714287;0.00047857142857142857
10;1;88000;88000;5364;0;12;10;1;0;12;9;0.060954545454545456;0.0004568181818181818
;;1000000;;;;;78;;;;73;0.7904877336915896;0.009370074195048414;0.7998578078866381
;;;;;;;0.0641025641025641;;;;;
