ID;Priority;Period;Deadline;WCET;FPS Deadline Miss;FPS Executions;FPS Preemptions;Less;EDF Deadline Miss;EDF Executions;EDF Preemptions;Utilization by work;Utilization by calculable overheads
1;10;14000;14000;1363;0;72;0;0;0;72;0;0.09735714285714285;0.002871428571428571
2;9;18000;18000;491;0;56;0;0;0;56;0;0.02727777777777778;0.0022333333333333333
3;8;33000;33000;1251;0;31;2;0;0;31;2;0.037909090909090906;0.0012181818181818183
4;7;43000;43000;88;0;24;0;0;0;24;0;0.002046511627906977;0.0009348837209302325
5;6;43000;43000;4618;0;24;13;0;0;24;13;0.1073953488372093;0.0009348837209302325
6;5;48000;48000;2045;0;21;3;0;0;21;3;0.042604166666666665;0.0008374999999999999
7;4;59000;59000;588;0;17;1;0;0;17;1;0.009966101694915254;0.0006813559322033898
8;3;68000;68000;2158;0;15;7;0;0;15;7;0.031735294117647056;0.0005911764705882353
9;2;76000;76000;6692;0;13;23;0;0;13;23;0.08805263157894737;0.0005289473684210527
10;1;80000;80000;7532;0;13;21;0;0;13;21;0.09415;0.0005024999999999999
;;1000000;;;;;70;;;;70;0.5384940660673041;0.011334190936016864;0.5498282570033209
;;;;;;;0.0;;;;;
