ID;Priority;Period;Deadline;WCET;FPS Deadline Miss;FPS Executions;FPS Preemptions;Less;EDF Deadline Miss;EDF Executions;EDF Preemptions;Utilization by work;Utilization by calculable overheads
1;10;15000;15000;3741;0;67;0;0;0;67;0;0.2494;0.00268
2;9;15000;15000;213;0;67;0;0;0;67;0;0.0142;0.00268
3;8;28000;28000;4924;0;36;10;0;0;36;10;0.17585714285714285;0.0014357142857142856
4;7;44000;44000;1489;0;23;3;0;0;23;3;0.03384090909090909;0.0009136363636363636
5;6;45000;45000;6250;0;22;15;-1;0;22;16;0.1388888888888889;0.0008933333333333334
6;5;54000;54000;13948;0;18;43;10;0;19;33;0.2582962962962963;0.0007444444444444445
7;4;68000;68000;2314;3;15;9;0;0;15;9;0.034029411764705884;0.0005911764705882353
8;3;75000;75000;995;2;13;3;1;0;13;2;0.013266666666666666;0.000536
9;2;85000;85000;1664;3;12;4;-1;0;12;5;0.019576470588235292;0.0004729411764705882
10;1;89000;89000;94;1;11;2;1;0;11;1;0.001056179775280899;0.00045168539325842697
;;1000000;;;;;89;;;;79;0.9384119659281259;0.011398931467445677;0.9498108973955716
;;;;;;;0.11235955056179775;;;;;
