ID;Priority;Period;Deadline;WCET;FPS Deadline Miss;FPS Executions;FPS Preemptions;Less;EDF Deadline Miss;EDF Executions;EDF Preemptions;Utilization by work;Utilization by calculable overheads
1;10;14000;14000;3696;0;72;0;0;0;72;0;0.264;0.002871428571428571
2;9;14000;14000;3616;0;71;1;0;0;71;1;0.2582857142857143;0.002871428571428571
3;8;26000;26000;441;0;39;0;0;0;39;0;0.016961538461538462;0.001546153846153846
4;7;30000;30000;3039;0;34;6;0;0;34;6;0.1013;0.00134
5;6;43000;43000;434;0;24;0;-1;0;24;1;0.010093023255813953;0.0009348837209302325
6;5;61000;61000;1822;0;17;1;0;0;17;1;0.029868852459016392;0.000659016393442623
7;4;77000;77000;1418;0;13;4;2;0;13;2;0.018415584415584416;0.0005220779220779221
8;3;92000;92000;11817;0;11;40;0;0;11;40;0.12844565217391304;0.0004369565217391304
9;2;95000;95000;642;0;11;4;0;0;11;4;0.006757894736842105;0.0004231578947368421
10;1;97000;97000;10055;1;10;41;1;0;10;40;0.103659793814433;0.00041443298969072163
;;1000000;;;;;97;;;;95;0.9377880536028556;0.012019536431628458;0.949807590034484
;;;;;;;0.020618556701030927;;;;;
