ID;Priority;Period;Deadline;WCET;FPS Deadline Miss;FPS Executions;FPS Preemptions;Less;EDF Deadline Miss;EDF Executions;EDF Preemptions;Utilization by work;Utilization by calculable overheads
1;10;14000;14000;7053;0;71;1;0;0;71;1;0.5037857142857143;0.002871428571428571
2;9;18000;18000;72;0;56;0;0;0;56;0;0.004;0.0022333333333333333
3;8;22000;22000;32;0;46;0;0;0;46;0;0.0014545454545454545;0.0018272727272727273
4;7;33000;33000;2370;0;31;6;-2;0;31;8;0.07181818181818182;0.0012181818181818183
5;6;36000;36000;1492;0;28;2;-3;0;28;5;0.041444444444444443;0.0011166666666666666
6;5;41000;41000;2304;0;25;12;-1;0;24;13;0.056195121951219514;0.0009804878048780487
7;4;44000;44000;3309;0;23;13;-1;0;23;14;0.07520454545454545;0.0009136363636363636
8;3;55000;55000;2305;0;18;14;7;0;18;7;0.04190909090909091;0.0007309090909090909
9;2;68000;68000;5061;0;15;31;-2;0;15;33;0.07442647058823529;0.0005911764705882353
10;1;77000;77000;5128;2;12;29;7;0;13;22;0.0665974025974026;0.0005220779220779221
;;1000000;;;;;108;;;;103;0.9368355175033798;0.013005170768972776;0.9498406882723526
;;;;;;;0.046296296296296294;;;;;
