ID;Priority;Period;Deadline;WCET;FPS Deadline Miss;FPS Executions;FPS Preemptions;Less;EDF Deadline Miss;EDF Executions;EDF Preemptions;Utilization by work;Utilization by calculable overheads
1;10;16000;16000;446;0;63;0;0;0;63;0;0.027875;0.0025125
2;9;21000;21000;1296;0;48;3;0;0;48;3;0.061714285714285715;0.0019142857142857143
3;8;42000;42000;1313;0;24;3;1;0;24;2;0.03126190476190476;0.0009571428571428571
4;7;52000;52000;3208;0;20;3;0;0;20;3;0.06169230769230769;0.000773076923076923
5;6;55000;55000;5989;0;19;13;-4;0;19;17;0.1088909090909091;0.0007309090909090909
6;5;67000;67000;2714;0;15;3;-2;0;15;5;0.040507462686567165;0.0006000000000000001
7;4;74000;74000;4743;0;14;11;4;0;14;7;0.0640945945945946;0.0005432432432432432
8;3;82000;82000;26926;0;12;64;13;0;12;51;0.3283658536585366;0.0004902439024390243
9;2;85000;85000;9985;0;12;25;10;0;12;15;0.11747058823529412;0.0004729411764705882
10;1;91000;91000;8965;4;11;25;9;0;11;16;0.09851648351648351;0.0004417582417582418
;;1000000;;;;;150;;;;119;0.9403893899508833;0.009436101149325683;0.949825491100209
;;;;;;;0.20666666666666667;;;;;
