ID;Priority;Period;Deadline;WCET;FPS Deadline Miss;FPS Executions;FPS Preemptions;Less;EDF Deadline Miss;EDF Executions;EDF Preemptions;Utilization by work;Utilization by calculable overheads
1;10;16000;16000;1728;0;63;0;0;0;63;0;0.108;0.0025125
2;9;22000;22000;426;0;46;0;0;0;46;0;0.019363636363636364;0.0018272727272727273
3;8;30000;30000;595;0;34;1;0;0;34;1;0.019833333333333335;0.00134
4;7;41000;41000;5716;0;25;16;0;0;25;16;0.13941463414634148;0.0009804878048780487
5;6;45000;45000;681;0;23;1;-2;0;23;3;0.015133333333333334;0.0008933333333333334
6;5;45000;45000;3016;0;23;10;2;0;23;8;0.06702222222222222;0.0008933333333333334
7;4;50000;50000;1405;0;20;2;0;0;20;2;0.0281;0.000804
8;3;75000;75000;6727;0;14;17;0;0;14;17;0.08969333333333333;0.000536
9;2;77000;77000;2184;0;13;6;0;0;13;6;0.028363636363636365;0.0005220779220779221
10;1;93000;93000;2251;0;11;3;0;0;11;3;0.024204301075268816;0.000432258064516129
;;1000000;;;;;56;;;;56;0.5391284301711052;0.010741263185411496;0.5498696933565167
;;;;;;;0.0;;;;;
