ID;Priority;Period;Deadline;WCET;FPS Deadline Miss;FPS Executions;FPS Preemptions;Less;EDF Deadline Miss;EDF Executions;EDF Preemptions;Utilization by work;Utilization by calculable overheads
1;10;17000;17000;1279;0;59;0;0;0;59;0;0.07523529411764705;0.002364705882352941
2;9;17000;17000;1839;0;59;0;0;0;59;0;0.10817647058823529;0.002364705882352941
3;8;32000;32000;156;0;32;0;0;0;32;0;0.004875;0.00125625
4;7;49000;49000;832;0;21;0;0;0;21;0;0.016979591836734694;0.0008204081632653061
5;6;50000;50000;1011;0;20;2;0;0;20;2;0.02022;0.000804
6;5;57000;57000;1697;0;18;2;0;0;18;2;0.029771929824561404;0.0007052631578947368
7;4;60000;60000;6247;0;17;8;0;0;17;8;0.10411666666666666;0.00067
8;3;74000;74000;3508;0;14;7;0;0;14;7;0.04740540540540541;0.0005432432432432432
9;2;90000;90000;3243;0;12;7;0;0;12;7;0.036033333333333334;0.0004466666666666667
10;1;100000;100000;4669;0;10;6;0;0;10;6;0.04669;0.000402
;;1000000;;;;;32;;;;32;0.4895036917725838;0.010377242995775835;0.49988093476835965
;;;;;;;0.0;;;;;
