ID;Priority;Period;Deadline;WCET;FPS Deadline Miss;FPS Executions;FPS Preemptions;Less;EDF Deadline Miss;EDF Executions;EDF Preemptions;Utilization by work;Utilization by calculable overheads
1;10;12000;12000;1323;0;84;0;0;0;84;0;0.11025;0.0033499999999999997
2;9;47000;47000;3902;0;22;6;0;0;22;6;0.08302127659574468;0.0008553191489361703
3;8;50000;50000;3312;0;20;6;1;0;20;5;0.06624;0.000804
4;7;57000;57000;2151;0;18;3;0;0;18;3;0.03773684210526316;0.0007052631578947368
5;6;64000;64000;561;0;16;0;-2;0;16;2;0.008765625;0.000628125
6;5;68000;68000;5677;0;15;9;-2;0;15;11;0.08348529411764706;0.0005911764705882353
7;4;73000;73000;5221;0;14;9;-1;0;14;10;0.07152054794520547;0.0005506849315068494
8;3;83000;83000;18454;0;12;46;10;0;12;36;0.22233734939759037;0.00048433734939759034
9;2;85000;85000;2931;0;12;12;5;0;12;7;0.03448235294117647;0.0004729411764705882
10;1;96000;96000;21426;4;11;58;22;0;11;36;0.2231875;0.00041874999999999996
;;1000000;;;;;149;;;;116;0.9410267881026273;0.00886059723479417;0.9498873853374215
;;;;;;;0.2214765100671141;;;;;
