ID;Priority;Period;Deadline;WCET;FPS Deadline Miss;FPS Executions;FPS Preemptions;Less;EDF Deadline Miss;EDF Executions;EDF Preemptions;Utilization by work;Utilization by calculable overheads
1;10;13000;13000;503;0;77;0;0;0;77;0;0.03869230769230769;0.003092307692307692
2;9;43000;43000;3726;0;24;6;0;0;24;6;0.08665116279069768;0.0009348837209302325
3;8;57000;57000;797;0;18;0;0;0;18;0;0.013982456140350877;0.0007052631578947368
4;7;63000;63000;1565;0;16;2;0;0;16;2;0.02484126984126984;0.0006380952380952382
5;6;79000;79000;24715;0;13;40;1;0;13;39;0.3128481012658228;0.0005088607594936708
6;5;81000;81000;1319;0;13;5;2;0;13;3;0.01628395061728395;0.0004962962962962963
7;4;86000;86000;4118;0;12;7;0;0;12;7;0.047883720930232555;0.00046744186046511623
8;3;87000;87000;1966;0;12;2;-1;0;12;3;0.022597701149425286;0.00046206896551724135
9;2;92000;92000;1319;0;11;2;0;0;11;2;0.01433695652173913;0.0004369565217391304
10;1;92000;92000;5852;0;11;3;-1;0;11;4;0.06360869565217392;0.0004369565217391304
;;1000000;;;;;67;;;;66;0.6417263226013037;0.008179130734478485;0.6499054533357822
;;;;;;;0.014925373134328358;;;;;
