ID;Priority;Period;Deadline;WCET;FPS Deadline Miss;FPS Executions;FPS Preemptions;Less;EDF Deadline Miss;EDF Executions;EDF Preemptions;Utilization by work;Utilization by calculable overheads
1;10;14000;14000;841;0;72;0;0;0;72;0;0.060071428571428574;0.002871428571428571
2;9;15000;15000;813;0;67;0;0;0;67;0;0.0542;0.00268
3;8;38000;38000;39;0;27;0;0;0;27;0;0.0010263157894736842;0.0010578947368421053
4;7;40000;40000;3318;0;25;6;1;0;25;5;0.08295;0.0010049999999999998
5;6;50000;50000;1199;0;20;1;-3;0;20;4;0.02398;0.000804
6;5;60000;60000;4939;0;17;8;-2;0;17;10;0.08231666666666666;0.00067
7;4;65000;65000;4996;0;16;17;0;0;16;17;0.07686153846153847;0.0006184615384615384
8;3;78000;78000;9762;0;13;27;-6;0;13;33;0.12515384615384614;0.0005153846153846154
9;2;83000;83000;34503;3;12;114;28;0;12;86;0.4156987951807229;0.00048433734939759034
10;1;99000;99000;1636;3;11;1;1;0;11;0;0.016525252525252526;0.0004060606060606061
;;1000000;;;;;174;;;;155;0.938783843348929;0.011112567417575027;0.949896410766504
;;;;;;;0.10919540229885058;;;;;
