ID;Priority;Period;Deadline;WCET;FPS Deadline Miss;FPS Executions;FPS Preemptions;Less;EDF Deadline Miss;EDF Executions;EDF Preemptions;Utilization by work;Utilization by calculable overheads
1;10;15000;15000;1051;0;67;0;0;0;67;0;0.07006666666666667;0.00268
2;9;23000;23000;5929;0;44;16;0;0;44;16;0.25778260869565217;0.0017478260869565217
3;8;28000;28000;2302;0;36;8;0;0;36;8;0.08221428571428571;0.0014357142857142856
4;7;30000;30000;524;0;34;0;0;0;34;0;0.017466666666666665;0.00134
5;6;43000;43000;4293;0;23;12;0;0;23;12;0.09983720930232558;0.0009348837209302325
6;5;51000;51000;5689;0;20;24;3;0;20;21;0.11154901960784314;0.0007882352941176471
7;4;71000;71000;7815;0;14;27;0;0;14;27;0.11007042253521127;0.0005661971830985916
8;3;72000;72000;337;0;14;2;0;0;14;2;0.004680555555555556;0.0005583333333333333
9;2;82000;82000;4883;0;13;15;2;0;13;13;0.059548780487804875;0.0004902439024390243
10;1;96000;96000;2468;0;11;5;-2;0;11;7;0.025708333333333333;0.00041874999999999996
;;1000000;;;;;109;;;;106;0.838924548565345;0.010960183806589635;0.8498847323719346
;;;;;;;0.027522935779816515;;;;;
