ID;Priority;Period;Deadline;WCET;FPS Deadline Miss;FPS Executions;FPS Preemptions;Less;EDF Deadline Miss;EDF Executions;EDF Preemptions;Utilization by work;Utilization by calculable overheads
1;10;14000;14000;2200;0;72;0;0;0;72;0;0.15714285714285714;0.002871428571428571
2;9;17000;17000;2071;0;59;8;0;0;59;8;0.1218235294117647;0.002364705882352941
3;8;21000;21000;283;0;48;0;0;0;48;0;0.013476190476190477;0.0019142857142857143
4;7;22000;22000;2764;0;46;18;3;0;46;15;0.12563636363636363;0.0018272727272727273
5;6;33000;33000;1453;0;31;8;1;0;31;7;0.04403030303030303;0.0012181818181818183
6;5;37000;37000;5000;0;27;27;-1;0;27;28;0.13513513513513514;0.0010864864864864863
7;4;49000;49000;4085;0;21;20;-1;0;21;21;0.08336734693877551;0.0008204081632653061
8;3;60000;60000;5296;0;17;27;1;0;17;26;0.08826666666666666;0.00067
9;2;92000;92000;2978;0;11;11;2;0;11;9;0.0323695652173913;0.0004369565217391304
10;1;96000;96000;8154;1;10;29;2;0;10;27;0.0849375;0.00041874999999999996
;;1000000;;;;;148;;;;141;0.8861854576554478;0.013628475885012694;0.8998139335404605
;;;;;;;0.0472972972972973;;;;;
