ID;Priority;Period;Deadline;WCET;FPS Deadline Miss;FPS Executions;FPS Preemptions;Less;EDF Deadline Miss;EDF Executions;EDF Preemptions;Utilization by work;Utilization by calculable overheads
1;10;14000;14000;522;0;72;0;0;0;72;0;0.03728571428571428;0.002871428571428571
2;9;17000;17000;3278;0;59;12;4;0;59;8;0.1928235294117647;0.002364705882352941
3;8;26000;26000;2543;0;39;10;0;0;39;10;0.0978076923076923;0.001546153846153846
4;7;31000;31000;5256;0;33;30;1;0;33;29;0.1695483870967742;0.001296774193548387
5;6;35000;35000;726;0;29;0;0;0;29;0;0.020742857142857143;0.0011485714285714285
6;5;38000;38000;1351;0;27;6;0;0;27;6;0.03555263157894737;0.0010578947368421053
7;4;67000;67000;4735;0;15;20;-1;0;15;21;0.07067164179104478;0.0006000000000000001
8;3;73000;73000;289;0;14;0;0;0;14;0;0.003958904109589041;0.0005506849315068494
9;2;74000;74000;1778;0;14;9;3;0;14;6;0.024027027027027026;0.0005432432432432432
10;1;90000;90000;7645;0;11;28;0;0;11;28;0.08494444444444445;0.0004466666666666667
;;1000000;;;;;115;;;;108;0.7373628291958554;0.01242612350031404;0.7497889526961694
;;;;;;;0.06086956521739131;;;;;
