ID;Priority;Period;Deadline;WCET;FPS Deadline Miss;FPS Executions;FPS Preemptions;Less;EDF Deadline Miss;EDF Executions;EDF Preemptions;Utilization by work;Utilization by calculable overheads
1;10;20000;20000;3328;0;50;0;0;0;50;0;0.1664;0.0020099999999999996
2;9;32000;32000;2024;0;32;0;0;0;32;0;0.06325;0.00125625
3;8;41000;41000;2760;0;25;5;0;0;25;5;0.06731707317073171;0.0009804878048780487
4;7;46000;46000;853;0;22;0;0;0;22;0;0.018543478260869564;0.0008739130434782608
5;6;53000;53000;281;0;19;0;0;0;19;0;0.00530188679245283;0.0007584905660377359
6;5;55000;55000;671;0;19;1;0;0;19;1;0.0122;0.0007309090909090909
7;4;70000;70000;6187;0;15;12;0;0;15;12;0.08838571428571429;0.0005742857142857142
8;3;85000;85000;8787;0;12;18;0;0;12;18;0.10337647058823529;0.0004729411764705882
9;2;86000;86000;5683;0;12;17;0;0;12;17;0.06608139534883721;0.00046744186046511623
10;1;96000;96000;47;0;11;0;0;0;11;0;0.0004895833333333333;0.00041874999999999996
;;1000000;;;;;53;;;;53;0.5913456017801741;0.008543469256524555;0.5998890710366988
;;;;;;;0.0;;;;;
