ID;Priority;Period;Deadline;WCET;FPS Deadline Miss;FPS Executions;FPS Preemptions;Less;EDF Deadline Miss;EDF Executions;EDF Preemptions;Utilization by work;Utilization by calculable overheads
1;10;16000;16000;1167;0;63;0;0;0;63;0;0.0729375;0.0025125
2;9;25000;25000;295;0;40;0;0;0;40;0;0.0118;0.001608
3;8;28000;28000;533;0;36;0;0;0;36;0;0.019035714285714284;0.0014357142857142856
4;7;37000;37000;4346;0;27;12;0;0;27;12;0.11745945945945946;0.0010864864864864863
5;6;38000;38000;503;0;27;0;0;0;27;0;0.013236842105263158;0.0010578947368421053
6;5;41000;41000;332;0;25;0;0;0;25;0;0.008097560975609756;0.0009804878048780487
7;4;45000;45000;5969;0;23;29;3;0;23;26;0.13264444444444445;0.0008933333333333334
8;3;94000;94000;7309;0;11;19;0;0;11;19;0.07775531914893617;0.00042765957446808513
9;2;95000;95000;11346;0;11;33;0;0;11;33;0.11943157894736842;0.0004231578947368421
10;1;98000;98000;1630;0;11;3;0;0;11;3;0.01663265306122449;0.00041020408163265306
;;1000000;;;;;96;;;;93;0.5890310724280202;0.010835438198091837;0.5998665106261121
;;;;;;;0.03125;;;;;
