ID;Priority;Period;Deadline;WCET;FPS Deadline Miss;FPS Executions;FPS Preemptions;Less;EDF Deadline Miss;EDF Executions;EDF Preemptions;Utilization by work;Utilization by calculable overheads
1;10;14000;14000;317;0;72;0;0;0;72;0;0.02264285714285714;0.002871428571428571
2;9;21000;21000;3133;0;48;0;0;0;48;0;0.14919047619047618;0.0019142857142857143
3;8;35000;35000;346;0;29;0;0;0;29;0;0.009885714285714286;0.0011485714285714285
4;7;37000;37000;1089;0;27;3;0;0;27;3;0.02943243243243243;0.0010864864864864863
5;6;52000;52000;8920;0;19;23;-1;0;19;24;0.17153846153846153;0.000773076923076923
6;5;53000;53000;2933;0;19;5;0;0;19;5;0.055339622641509434;0.0007584905660377359
7;4;56000;56000;2266;0;18;4;2;0;18;2;0.040464285714285717;0.0007178571428571428
8;3;58000;58000;2568;0;17;10;0;0;17;10;0.04427586206896552;0.000693103448275862
9;2;79000;79000;5337;0;13;19;0;0;13;19;0.06755696202531646;0.0005088607594936708
10;1;94000;94000;4572;0;11;11;0;0;11;11;0.048638297872340426;0.00042765957446808513
;;1000000;;;;;75;;;;74;0.6389649719123591;0.01089982061498162;0.6498647925273408
;;;;;;;0.013333333333333334;;;;;
