ID;Priority;Period;Deadline;WCET;FPS Deadline Miss;FPS Executions;FPS Preemptions;Less;EDF Deadline Miss;EDF Executions;EDF Preemptions;Utilization by work;Utilization by calculable overheads
1;10;16000;16000;1097;0;63;0;0;0;63;0;0.0685625;0.0025125
2;9;30000;30000;2731;0;34;5;0;0;34;5;0.09103333333333333;0.00134
3;8;46000;46000;332;0;22;0;0;0;22;0;0.007217391304347826;0.0008739130434782608
4;7;54000;54000;8260;0;19;18;2;0;19;16;0.15296296296296297;0.0007444444444444445
5;6;69000;69000;6557;0;15;15;0;0;15;15;0.09502898550724638;0.0005826086956521739
6;5;70000;70000;2736;0;15;3;0;0;15;3;0.039085714285714286;0.0005742857142857142
7;4;70000;70000;2002;0;15;3;-2;0;15;5;0.0286;0.0005742857142857142
8;3;83000;83000;9552;0;12;22;4;0;12;18;0.11508433734939759;0.00048433734939759034
9;2;85000;85000;2789;0;12;5;0;0;12;5;0.03281176470588235;0.0004729411764705882
10;1;90000;90000;9979;0;11;19;-1;0;11;20;0.11087777777777778;0.0004466666666666667
;;1000000;;;;;90;;;;87;0.7412647672266623;0.008605982804681151;0.7498707500313435
;;;;;;;0.03333333333333333;;;;;
