ID;Priority;Period;Deadline;WCET;FPS Deadline Miss;FPS Executions;FPS Preemptions;Less;EDF Deadline Miss;EDF Executions;EDF Preemptions;Utilization by work;Utilization by calculable overheads
1;10;16000;16000;1190;0;63;0;0;0;63;0;0.074375;0.0025125
2;9;50000;50000;2096;0;20;2;0;0;20;2;0.04192;0.000804
3;8;56000;56000;1605;0;18;1;0;0;18;1;0.028660714285714286;0.0007178571428571428
4;7;56000;56000;1828;0;18;1;0;0;18;1;0.03264285714285714;0.0007178571428571428
5;6;61000;61000;4153;0;17;5;0;0;17;5;0.06808196721311476;0.000659016393442623
6;5;74000;74000;770;0;14;0;-1;0;14;1;0.010405405405405405;0.0005432432432432432
7;4;74000;74000;6686;0;14;10;1;0;14;9;0.09035135135135135;0.0005432432432432432
8;3;77000;77000;2097;0;13;3;0;0;13;3;0.027233766233766235;0.0005220779220779221
9;2;91000;91000;7136;0;11;14;0;0;11;14;0.07841758241758241;0.0004417582417582418
10;1;94000;94000;8451;0;11;10;0;0;11;10;0.08990425531914893;0.00042765957446808513
;;1000000;;;;;46;;;;46;0.5419928993689405;0.007889212903947642;0.5498821122728881
;;;;;;;0.0;;;;;
