ID;Priority;Period;Deadline;WCET;FPS Deadline Miss;FPS Executions;FPS Preemptions;Less;EDF Deadline Miss;EDF Executions;EDF Preemptions;Utilization by work;Utilization by calculable overheads
1;10;21000;21000;657;0;48;0;0;0;48;0;0.031285714285714285;0.0019142857142857143
2;9;23000;23000;1675;0;44;2;0;0;44;2;0.07282608695652174;0.0017478260869565217
3;8;28000;28000;2246;0;36;3;1;0;36;2;0.08021428571428571;0.0014357142857142856
4;7;31000;31000;678;0;33;0;-1;0;33;1;0.021870967741935483;0.001296774193548387
5;6;31000;31000;4827;0;33;19;2;0;33;17;0.15570967741935485;0.001296774193548387
6;5;35000;35000;2148;0;29;5;1;0;29;4;0.06137142857142857;0.0011485714285714285
7;4;51000;51000;12611;0;20;49;3;0;20;46;0.24727450980392157;0.0007882352941176471
8;3;89000;89000;753;0;12;1;0;0;12;1;0.008460674157303371;0.00045168539325842697
9;2;96000;96000;6052;0;11;19;0;0;11;19;0.06304166666666666;0.00041874999999999996
10;1;98000;98000;14398;0;10;34;2;0;10;32;0.14691836734693878;0.00041020408163265306
;;1000000;;;;;132;;;;124;0.8889733786640709;0.010908820671633452;0.8998821993357043
;;;;;;;0.06060606060606061;;;;;
