ID;Priority;Period;Deadline;WCET;FPS Deadline Miss;FPS Executions;FPS Preemptions;Less;EDF Deadline Miss;EDF Executions;EDF Preemptions;Utilization by work;Utilization by calculable overheads
1;10;15000;15000;111;0;67;0;0;0;67;0;0.0074;0.00268
2;9;21000;21000;376;0;48;0;0;0;48;0;0.017904761904761906;0.0019142857142857143
3;8;36000;36000;401;0;28;0;0;0;28;0;0.01113888888888889;0.0011166666666666666
4;7;55000;55000;829;0;19;0;0;0;19;0;0.015072727272727272;0.0007309090909090909
5;6;63000;63000;2542;0;16;1;-2;0;16;3;0.04034920634920635;0.0006380952380952382
6;5;67000;67000;258;0;15;0;0;0;15;0;0.0038507462686567166;0.0006000000000000001
7;4;67000;67000;27384;0;15;59;3;0;15;56;0.40871641791044777;0.0006000000000000001
8;3;70000;70000;10659;0;15;24;5;0;15;19;0.15227142857142856;0.0005742857142857142
9;2;81000;81000;6746;0;13;12;0;0;13;12;0.08328395061728396;0.0004962962962962963
10;1;99000;99000;4963;0;11;9;2;0;11;7;0.05013131313131313;0.0004060606060606061
;;1000000;;;;;105;;;;97;0.7901194409147146;0.009756599326599327;0.799876040241314
;;;;;;;0.0761904761904762;;;;;
