ID;Priority;Period;Deadline;WCET;FPS Deadline Miss;FPS Executions;FPS Preemptions;Less;EDF Deadline Miss;EDF Executions;EDF Preemptions;Utilization by work;Utilization by calculable overheads
1;10;18000;18000;2058;0;56;0;0;0;56;0;0.11433333333333333;0.0022333333333333333
2;9;31000;31000;769;0;33;0;0;0;33;0;0.024806451612903225;0.001296774193548387
3;8;37000;37000;3656;0;27;6;0;0;27;6;0.0988108108108108;0.0010864864864864863
4;7;44000;44000;6199;0;23;19;1;0;23;18;0.14088636363636364;0.0009136363636363636
5;6;47000;47000;269;0;22;0;0;0;22;0;0.005723404255319149;0.0008553191489361703
6;5;73000;73000;7629;0;14;22;0;0;14;22;0.1045068493150685;0.0005506849315068494
7;4;74000;74000;1490;0;14;2;0;0;14;2;0.020135135135135134;0.0005432432432432432
8;3;76000;76000;36;0;14;0;0;0;14;0;0.00047368421052631577;0.0005289473684210527
9;2;95000;95000;2399;0;11;3;0;0;11;3;0.025252631578947367;0.0004231578947368421
10;1;97000;97000;10292;0;11;19;1;0;11;18;0.10610309278350516;0.00041443298969072163
;;1000000;;;;;71;;;;69;0.6410317566719126;0.00884601595353945;0.649877772625452
;;;;;;;0.028169014084507043;;;;;
