ID;Priority;Period;Deadline;WCET;FPS Deadline Miss;FPS Executions;FPS Preemptions;Less;EDF Deadline Miss;EDF Executions;EDF Preemptions;Utilization by work;Utilization by calculable overheads
1;10;17000;17000;442;0;59;0;0;0;59;0;0.026;0.002364705882352941
2;9;34000;34000;376;0;30;0;0;0;30;0;0.011058823529411765;0.0011823529411764705
3;8;37000;37000;4445;0;27;6;0;0;27;6;0.12013513513513513;0.0010864864864864863
4;7;50000;50000;4513;0;20;8;0;0;20;8;0.09026;0.000804
5;6;56000;56000;8045;0;18;13;1;0;18;12;0.14366071428571428;0.0007178571428571428
6;5;67000;67000;1255;0;15;1;-1;0;15;2;0.01873134328358209;0.0006000000000000001
7;4;78000;78000;2842;0;13;7;0;0;13;7;0.03643589743589744;0.0005153846153846154
8;3;87000;87000;9565;0;12;18;1;0;12;17;0.10994252873563218;0.00046206896551724135
9;2;90000;90000;2122;0;12;1;0;0;12;1;0.023577777777777777;0.0004466666666666667
10;1;98000;98000;1130;0;11;1;1;0;11;0;0.011530612244897959;0.00041020408163265306
;;1000000;;;;;55;;;;53;0.5913328324280486;0.008589726782074217;0.5999225592101228
;;;;;;;0.03636363636363636;;;;;
