ID;Priority;Period;Deadline;WCET;FPS Deadline Miss;FPS Executions;FPS Preemptions;Less;EDF Deadline Miss;EDF Executions;EDF Preemptions;Utilization by work;Utilization by calculable overheads
1;10;36000;36000;808;0;28;0;0;0;28;0;0.022444444444444444;0.0011166666666666666
2;9;49000;49000;394;0;21;0;0;0;21;0;0.008040816326530613;0.0008204081632653061
3;8;60000;60000;3362;0;17;0;-1;0;17;1;0.05603333333333333;0.00067
4;7;62000;62000;7630;0;17;6;0;0;17;6;0.12306451612903226;0.0006483870967741935
5;6;70000;70000;11411;0;15;14;3;0;15;11;0.16301428571428572;0.0005742857142857142
6;5;71000;71000;6052;0;14;2;0;0;14;2;0.0852394366197183;0.0005661971830985916
7;4;74000;74000;3421;0;14;2;1;0;14;1;0.04622972972972973;0.0005432432432432432
8;3;76000;76000;1646;0;13;2;-3;0;13;5;0.021657894736842105;0.0005289473684210527
9;2;82000;82000;6553;0;12;10;2;0;12;8;0.07991463414634147;0.0004902439024390243
10;1;85000;85000;11718;0;12;19;8;0;12;11;0.13785882352941176;0.0004729411764705882
;;1000000;;;;;55;;;;45;0.7434979147096696;0.0064313205146643805;0.749929235224334
;;;;;;;0.18181818181818182;;;;;
