ID;Priority;Period;Deadline;WCET;FPS Deadline Miss;FPS Executions;FPS Preemptions;Less;EDF Deadline Miss;EDF Executions;EDF Preemptions;Utilization by work;Utilization by calculable overheads
1;10;12000;12000;663;0;84;0;0;0;84;0;0.05525;0.0033499999999999997
2;9;22000;22000;1561;0;46;0;0;0;46;0;0.07095454545454545;0.0018272727272727273
3;8;27000;27000;4563;0;37;20;0;0;37;20;0.169;0.001488888888888889
4;7;35000;35000;1579;0;29;6;0;0;29;6;0.04511428571428571;0.0011485714285714285
5;6;42000;42000;538;0;24;0;0;0;24;0;0.012809523809523809;0.0009571428571428571
6;5;43000;43000;176;0;24;0;0;0;24;0;0.004093023255813954;0.0009348837209302325
7;4;51000;51000;321;0;20;1;0;0;20;1;0.006294117647058823;0.0007882352941176471
8;3;55000;55000;2683;0;19;12;0;0;19;12;0.04878181818181818;0.0007309090909090909
9;2;73000;73000;8127;0;14;23;0;0;14;23;0.11132876712328767;0.0005506849315068494
10;1;98000;98000;6270;0;11;17;0;0;11;17;0.0639795918367347;0.00041020408163265306
;;1000000;;;;;79;;;;79;0.5876056730230684;0.012186793020972376;0.5997924660440408
;;;;;;;0.0;;;;;
