ID;Priority;Period;Deadline;WCET;FPS Deadline Miss;FPS Executions;FPS Preemptions;Less;EDF Deadline Miss;EDF Executions;EDF Preemptions;Utilization by work;Utilization by calculable overheads
1;10;14000;14000;133;0;72;0;0;0;72;0;0.0095;0.002871428571428571
2;9;25000;25000;2793;0;40;6;0;0;40;6;0.11172;0.001608
3;8;32000;32000;5620;0;32;15;0;0;32;15;0.175625;0.00125625
4;7;55000;55000;6477;0;18;19;0;0;18;19;0.11776363636363636;0.0007309090909090909
5;6;65000;65000;1559;0;16;3;3;0;16;0;0.023984615384615385;0.0006184615384615384
6;5;75000;75000;11973;0;13;25;1;0;13;24;0.15964;0.000536
7;4;75000;75000;1777;0;13;1;0;0;13;1;0.023693333333333334;0.000536
8;3;84000;84000;11133;0;12;24;0;0;12;24;0.13253571428571428;0.00047857142857142857
9;2;90000;90000;16530;5;11;39;5;0;11;34;0.18366666666666667;0.0004466666666666667
10;1;94000;94000;214;5;11;1;0;0;11;1;0.002276595744680851;0.00042765957446808513
;;1000000;;;;;133;;;;124;0.940405561778647;0.009509946870505381;0.9499155086491524
;;;;;;;0.06766917293233082;;;;;
