ID;Priority;Period;Deadline;WCET;FPS Deadline Miss;FPS Executions;FPS Preemptions;Less;EDF Deadline Miss;EDF Executions;EDF Preemptions;Utilization by work;Utilization by calculable overheads
1;10;19000;19000;2916;0;53;0;0;0;53;0;0.15347368421052632;0.0021157894736842106
2;9;24000;24000;75;0;42;0;0;0;42;0;0.003125;0.0016749999999999998
3;8;35000;35000;2616;0;29;4;0;0;29;4;0.07474285714285714;0.0011485714285714285
4;7;49000;49000;6410;0;21;14;0;0;20;14;0.13081632653061223;0.0008204081632653061
5;6;54000;54000;1891;0;19;2;-3;0;19;5;0.03501851851851852;0.0007444444444444445
6;5;64000;64000;14244;0;16;37;11;0;16;26;0.2225625;0.000628125
7;4;64000;64000;8029;0;16;21;-1;0;16;22;0.125453125;0.000628125
8;3;70000;70000;3799;0;14;13;9;0;14;4;0.054271428571428575;0.0005742857142857142
9;2;79000;79000;6509;1;13;17;5;0;13;12;0.08239240506329114;0.0005088607594936708
10;1;93000;93000;5463;4;10;17;4;0;11;13;0.058741935483870966;0.000432258064516129
;;1000000;;;;;125;;;;100;0.9405977805211048;0.009275868048260902;0.9498736485693656
;;;;;;;0.2;;;;;
