ID;Priority;Period;Deadline;WCET;FPS Deadline Miss;FPS Executions;FPS Preemptions;Less;EDF Deadline Miss;EDF Executions;EDF Preemptions;Utilization by work;Utilization by calculable overheads
1;10;17000;17000;572;0;59;0;0;0;59;0;0.03364705882352941;0.002364705882352941
2;9;45000;45000;2505;0;23;3;0;0;23;3;0.05566666666666667;0.0008933333333333334
3;8;50000;50000;1613;0;20;1;0;0;20;1;0.03226;0.000804
4;7;57000;57000;6162;0;18;11;2;0;18;9;0.10810526315789473;0.0007052631578947368
5;6;61000;61000;7633;0;17;14;-1;0;17;15;0.12513114754098362;0.000659016393442623
6;5;63000;63000;733;0;16;0;0;0;16;0;0.011634920634920635;0.0006380952380952382
7;4;85000;85000;2345;0;12;5;0;0;12;5;0.027588235294117646;0.0004729411764705882
8;3;88000;88000;1139;0;12;4;0;0;12;4;0.012943181818181819;0.0004568181818181818
9;2;91000;91000;3723;0;11;8;0;0;11;8;0.04091208791208791;0.0004417582417582418
10;1;97000;97000;4286;0;11;10;0;0;11;10;0.044185567010309276;0.00041443298969072163
;;1000000;;;;;56;;;;55;0.4920741288586917;0.007850364594856605;0.4999244934535483
;;;;;;;0.017857142857142856;;;;;
