ID;Priority;Period;Deadline;WCET;FPS Deadline Miss;FPS Executions;FPS Preemptions;Less;EDF Deadline Miss;EDF Executions;EDF Preemptions;Utilization by work;Utilization by calculable overheads
1;10;22000;22000;2761;0;46;0;0;0;46;0;0.1255;0.0018272727272727273
2;9;34000;34000;512;0;30;0;-1;0;30;1;0.015058823529411765;0.0011823529411764705
3;8;35000;35000;741;0;29;0;0;0;29;0;0.02117142857142857;0.0011485714285714285
4;7;38000;38000;11495;0;26;31;15;0;26;16;0.3025;0.0010578947368421053
5;6;46000;46000;31;0;22;0;0;0;22;0;0.0006739130434782609;0.0008739130434782608
6;5;54000;54000;8337;0;19;26;1;0;19;25;0.15438888888888888;0.0007444444444444445
7;4;55000;55000;3488;0;18;8;0;0;18;8;0.06341818181818182;0.0007309090909090909
8;3;90000;90000;506;0;11;0;0;0;11;0;0.005622222222222222;0.0004466666666666667
9;2;91000;91000;4608;0;11;11;0;0;11;11;0.05063736263736264;0.0004417582417582418
10;1;93000;93000;4840;0;11;13;3;0;11;10;0.05204301075268817;0.000432258064516129
;;1000000;;;;;89;;;;71;0.7910138314636622;0.008886041385635566;0.7998998728492978
;;;;;;;0.20224719101123595;;;;;
