ID;Priority;Period;Deadline;WCET;FPS Deadline Miss;FPS Executions;FPS Preemptions;Less;EDF Deadline Miss;EDF Executions;EDF Preemptions;Utilization by work;Utilization by calculable overheads
1;10;32000;32000;1269;0;32;0;0;0;32;0;0.03965625;0.00125625
2;9;41000;41000;1591;0;25;1;0;0;25;1;0.03880487804878049;0.0009804878048780487
3;8;46000;46000;8792;0;22;10;2;0;22;8;0.1911304347826087;0.0008739130434782608
4;7;50000;50000;3350;0;20;6;0;0;20;6;0.067;0.000804
5;6;54000;54000;664;0;19;1;1;0;19;0;0.012296296296296296;0.0007444444444444445
6;5;56000;56000;22;0;18;0;0;0;18;0;0.0003928571428571429;0.0007178571428571428
7;4;63000;63000;1046;0;16;2;-1;0;16;3;0.016603174603174602;0.0006380952380952382
8;3;76000;76000;1751;0;14;1;0;0;14;1;0.023039473684210526;0.0005289473684210527
9;2;92000;92000;4937;0;11;8;0;0;11;8;0.05366304347826087;0.0004369565217391304
10;1;94000;94000;9390;0;11;16;1;0;11;15;0.0998936170212766;0.00042765957446808513
;;1000000;;;;;45;;;;42;0.5424800250574653;0.0074086111383814025;0.5498886361958467
;;;;;;;0.06666666666666667;;;;;
