ID;Priority;Period;Deadline;WCET;FPS Deadline Miss;FPS Executions;FPS Preemptions;Less;EDF Deadline Miss;EDF Executions;EDF Preemptions;Utilization by work;Utilization by calculable overheads
1;10;21000;21000;1594;0;48;0;0;0;48;0;0.0759047619047619;0.0019142857142857143
2;9;25000;25000;2023;0;40;4;0;0;40;4;0.08092;0.001608
3;8;32000;32000;432;0;32;0;0;0;32;0;0.0135;0.00125625
4;7;33000;33000;516;0;31;1;1;0;31;0;0.015636363636363636;0.0012181818181818183
5;6;38000;38000;385;0;27;1;0;0;27;1;0.01013157894736842;0.0010578947368421053
6;5;40000;40000;5953;0;25;18;4;0;25;14;0.148825;0.0010049999999999998
7;4;44000;44000;2106;0;23;5;0;0;23;5;0.047863636363636365;0.0009136363636363636
8;3;59000;59000;6632;0;17;24;0;0;17;24;0.11240677966101695;0.0006813559322033898
9;2;94000;94000;2221;0;11;11;0;0;11;11;0.023627659574468086;0.00042765957446808513
10;1;100000;100000;16056;0;10;37;0;0;10;37;0.16056;0.000402
;;1000000;;;;;101;;;;96;0.6893757800876155;0.010484264139617474;0.6998600442272329
;;;;;;;0.04950495049504951;;;;;
