ID;Priority;Period;Deadline;WCET;FPS Deadline Miss;FPS Executions;FPS Preemptions;Less;EDF Deadline Miss;EDF Executions;EDF Preemptions;Utilization by work;Utilization by calculable overheads
1;10;13000;13000;2890;0;77;0;0;0;77;0;0.22230769230769232;0.003092307692307692
2;9;14000;14000;361;0;72;0;0;0;72;0;0.025785714285714287;0.002871428571428571
3;8;31000;31000;2055;0;33;12;2;0;33;10;0.06629032258064516;0.001296774193548387
4;7;36000;36000;5744;0;28;27;-4;0;28;31;0.15955555555555556;0.0011166666666666666
5;6;39000;39000;4116;0;26;19;6;0;26;13;0.10553846153846154;0.0010307692307692307
6;5;44000;44000;4149;0;23;22;-1;0;23;23;0.09429545454545454;0.0009136363636363636
7;4;49000;49000;1350;0;21;2;0;0;21;2;0.027551020408163266;0.0008204081632653061
8;3;78000;78000;6244;0;13;25;-3;0;13;28;0.08005128205128205;0.0005153846153846154
9;2;90000;90000;13302;2;11;51;9;0;11;42;0.1478;0.0004466666666666667
10;1;91000;91000;737;2;11;3;1;0;11;2;0.0080989010989011;0.0004417582417582418
;;1000000;;;;;161;;;;151;0.9372744043718698;0.01254580040543174;0.9498202047773016
;;;;;;;0.062111801242236024;;;;;
