ID;Priority;Period;Deadline;WCET;FPS Deadline Miss;FPS Executions;FPS Preemptions;Less;EDF Deadline Miss;EDF Executions;EDF Preemptions;Utilization by work;Utilization by calculable overheads
1;10;17000;17000;2460;0;59;0;0;0;59;0;0.14470588235294118;0.002364705882352941
2;9;19000;19000;1955;0;53;3;0;0;53;3;0.10289473684210526;0.0021157894736842106
3;8;56000;56000;4154;0;18;7;-3;0;18;10;0.07417857142857143;0.0007178571428571428
4;7;58000;58000;2098;0;18;3;0;0;18;3;0.03617241379310345;0.000693103448275862
5;6;63000;63000;5993;0;16;15;4;0;16;11;0.09512698412698413;0.0006380952380952382
6;5;63000;63000;8010;0;16;23;5;0;16;18;0.12714285714285714;0.0006380952380952382
7;4;64000;64000;2995;0;16;9;-1;0;16;10;0.046796875;0.000628125
8;3;67000;67000;2365;0;15;4;-2;0;15;6;0.03529850746268657;0.0006000000000000001
9;2;74000;74000;11152;0;14;31;6;0;14;25;0.1507027027027027;0.0005432432432432432
10;1;94000;94000;2589;0;11;5;0;0;11;5;0.027542553191489363;0.00042765957446808513
;;1000000;;;;;100;;;;91;0.8405620840434411;0.009366674241071961;0.8499287582845131
;;;;;;;0.09;;;;;
