ID;Priority;Period;Deadline;WCET;FPS Deadline Miss;FPS Executions;FPS Preemptions;Less;EDF Deadline Miss;EDF Executions;EDF Preemptions;Utilization by work;Utilization by calculable overheads
1;10;11000;11000;290;0;91;0;0;0;91;0;0.026363636363636363;0.0036545454545454546
2;9;14000;14000;1273;0;72;6;0;0;72;6;0.09092857142857143;0.002871428571428571
3;8;14000;14000;215;0;72;0;0;0;72;0;0.015357142857142857;0.002871428571428571
4;7;34000;34000;2349;0;30;6;0;0;30;6;0.06908823529411764;0.0011823529411764705
5;6;44000;44000;1632;0;23;0;0;0;23;0;0.03709090909090909;0.0009136363636363636
6;5;50000;50000;10093;0;20;37;0;0;20;37;0.20186;0.000804
7;4;61000;61000;862;0;17;1;1;0;17;0;0.014131147540983607;0.000659016393442623
8;3;72000;72000;10833;0;14;38;2;0;14;36;0.15045833333333333;0.0005583333333333333
9;2;78000;78000;13974;0;13;60;3;0;13;57;0.17915384615384616;0.0005153846153846154
10;1;92000;92000;82;0;11;0;0;0;11;0;0.0008913043478260869;0.0004369565217391304
;;1000000;;;;;148;;;;142;0.7853231264103667;0.014467082766115132;0.7997902091764818
;;;;;;;0.04054054054054054;;;;;
