ID;Priority;Period;Deadline;WCET;FPS Deadline Miss;FPS Executions;FPS Preemptions;Less;EDF Deadline Miss;EDF Executions;EDF Preemptions;Utilization by work;Utilization by calculable overheads
1;10;21000;21000;3872;0;48;0;0;0;48;0;0.18438095238095237;0.0019142857142857143
2;9;27000;27000;3461;0;37;6;1;0;37;5;0.12818518518518518;0.001488888888888889
3;8;30000;30000;6237;0;34;14;5;0;34;9;0.2079;0.00134
4;7;32000;32000;2037;0;31;7;4;0;31;3;0.06365625;0.00125625
5;6;34000;34000;1878;0;29;1;0;0;30;1;0.055235294117647056;0.0011823529411764705
6;5;40000;40000;1621;0;25;6;1;0;25;5;0.040525;0.0010049999999999998
7;4;54000;54000;135;0;19;0;0;0;19;0;0.0025;0.0007444444444444445
8;3;67000;67000;4160;0;15;12;0;0;15;12;0.06208955223880597;0.0006000000000000001
9;2;82000;82000;310;0;13;0;0;0;13;0;0.0037804878048780487;0.0004902439024390243
10;1;99000;99000;4077;0;10;11;0;0;10;11;0.04118181818181818;0.0004060606060606061
;;1000000;;;;;57;;;;46;0.7894345399092868;0.010427526497295149;0.799862066406582
;;;;;;;0.19298245614035087;;;;;
