ID;Priority;Period;Deadline;WCET;FPS Deadline Miss;FPS Executions;FPS Preemptions;Less;EDF Deadline Miss;EDF Executions;EDF Preemptions;Utilization by work;Utilization by calculable overheads
1;10;13000;13000;1893;0;77;0;0;0;77;0;0.14561538461538462;0.003092307692307692
2;9;18000;18000;1783;0;56;4;0;0;56;4;0.09905555555555555;0.0022333333333333333
3;8;22000;22000;418;0;46;1;0;0;46;1;0.019;0.0018272727272727273
4;7;25000;25000;114;0;40;0;0;0;40;0;0.00456;0.001608
5;6;34000;34000;1547;0;30;7;0;0;30;7;0.0455;0.0011823529411764705
6;5;35000;35000;2462;0;29;14;0;0;29;14;0.07034285714285714;0.0011485714285714285
7;4;49000;49000;3451;0;21;17;0;0;21;17;0.07042857142857142;0.0008204081632653061
8;3;55000;55000;1196;0;19;5;0;0;19;5;0.021745454545454547;0.0007309090909090909
9;2;65000;65000;271;0;16;4;1;0;16;3;0.004169230769230769;0.0006184615384615384
10;1;91000;91000;18717;0;11;66;-1;0;11;67;0.20568131868131867;0.0004417582417582418
;;1000000;;;;;118;;;;118;0.6860983727383727;0.013703375157055829;0.6998017478954285
;;;;;;;0.0;;;;;
