ID;Priority;Period;Deadline;WCET;FPS Deadline Miss;FPS Executions;FPS Preemptions;Less;EDF Deadline Miss;EDF Executions;EDF Preemptions;Utilization by work;Utilization by calculable overheads
1;10;10000;10000;285;0;100;0;0;0;100;0;0.0285;0.004019999999999999
2;9;17000;17000;3511;0;59;18;0;0;59;18;0.20652941176470588;0.002364705882352941
3;8;20000;20000;14;0;50;0;0;0;50;0;0.0007;0.0020099999999999996
4;7;28000;28000;863;0;36;3;0;0;36;3;0.030821428571428573;0.0014357142857142856
5;6;37000;37000;762;0;28;0;0;0;28;0;0.020594594594594593;0.0010864864864864863
6;5;48000;48000;5221;0;21;19;0;0;21;19;0.10877083333333333;0.0008374999999999999
7;4;63000;63000;1294;0;16;2;0;0;16;2;0.02053968253968254;0.0006380952380952382
8;3;64000;64000;6453;0;16;30;0;0;16;30;0.100828125;0.000628125
9;2;70000;70000;976;0;15;1;0;0;15;1;0.013942857142857142;0.0005742857142857142
10;1;78000;78000;355;0;13;1;0;0;13;1;0.004551282051282051;0.0005153846153846154
;;1000000;;;;;74;;;;74;0.5357782149978841;0.014110297222319278;0.5498885122202034
;;;;;;;0.0;;;;;
