ID;Priority;Period;Deadline;WCET;FPS Deadline Miss;FPS Executions;FPS Preemptions;Less;EDF Deadline Miss;EDF Executions;EDF Preemptions;Utilization by work;Utilization by calculable overheads
1;10;15000;15000;318;0;67;0;0;0;67;0;0.0212;0.00268
2;9;28000;28000;1193;0;36;2;0;0;36;2;0.04260714285714286;0.0014357142857142856
3;8;29000;29000;1889;0;35;4;1;0;35;3;0.06513793103448276;0.001386206896551724
4;7;53000;53000;3094;0;19;8;-1;0;19;9;0.058377358490566036;0.0007584905660377359
5;6;54000;54000;35;0;19;0;0;0;19;0;0.0006481481481481481;0.0007444444444444445
6;5;63000;63000;13051;0;16;33;5;0;16;28;0.20715873015873015;0.0006380952380952382
7;4;67000;67000;3611;0;15;4;0;0;15;4;0.053895522388059704;0.0006000000000000001
8;3;68000;68000;5295;0;15;16;0;0;15;16;0.07786764705882353;0.0005911764705882353
9;2;70000;70000;6808;0;15;12;2;0;15;10;0.09725714285714286;0.0005742857142857142
10;1;78000;78000;1232;0;13;2;0;0;13;2;0.015794871794871795;0.0005153846153846154
;;1000000;;;;;81;;;;74;0.6399444947879679;0.009923798231101994;0.6498682930190699
;;;;;;;0.08641975308641975;;;;;
