ID;Priority;Period;Deadline;WCET;FPS Deadline Miss;FPS Executions;FPS Preemptions;Less;EDF Deadline Miss;EDF Executions;EDF Preemptions;Utilization by work;Utilization by calculable overheads
1;10;18000;18000;2479;0;56;0;0;0;56;0;0.13772222222222222;0.0022333333333333333
2;9;20000;20000;2362;0;50;5;5;0;50;0;0.1181;0.0020099999999999996
3;8;24000;24000;1273;0;42;0;0;0;42;0;0.05304166666666667;0.0016749999999999998
4;7;26000;26000;794;0;39;1;1;0;39;0;0.03053846153846154;0.001546153846153846
5;6;26000;26000;279;0;39;0;-1;0;39;1;0.010730769230769231;0.001546153846153846
6;5;33000;33000;8665;0;30;43;8;0;30;35;0.2625757575757576;0.0012181818181818183
7;4;61000;61000;2386;0;17;9;-2;0;17;11;0.039114754098360655;0.000659016393442623
8;3;74000;74000;5841;0;14;21;-1;0;14;22;0.07893243243243243;0.0005432432432432432
9;2;82000;82000;8595;0;12;35;1;0;12;34;0.1048170731707317;0.0004902439024390243
10;1;83000;83000;8459;2;12;33;10;0;12;23;0.10191566265060241;0.00048433734939759034
;;1000000;;;;;147;;;;126;0.9374887995860043;0.012405663732345324;0.9498944633183496
;;;;;;;0.14285714285714285;;;;;
