ID;Priority;Period;Deadline;WCET;FPS Deadline Miss;FPS Executions;FPS Preemptions;Less;EDF Deadline Miss;EDF Executions;EDF Preemptions;Utilization by work;Utilization by calculable overheads
1;10;18000;18000;30;0;56;0;0;0;56;0;0.0016666666666666668;0.0022333333333333333
2;9;33000;33000;1469;0;31;0;0;0;31;0;0.044515151515151515;0.0012181818181818183
3;8;40000;40000;4479;0;25;8;0;0;25;8;0.111975;0.0010049999999999998
4;7;49000;49000;1909;0;21;2;0;0;21;2;0.038959183673469386;0.0008204081632653061
5;6;50000;50000;3232;0;20;3;0;0;20;3;0.06464;0.000804
6;5;72000;72000;16136;0;14;29;0;0;14;29;0.22411111111111112;0.0005583333333333333
7;4;77000;77000;715;0;13;1;0;0;13;1;0.009285714285714286;0.0005220779220779221
8;3;78000;78000;663;0;13;0;0;0;13;0;0.0085;0.0005153846153846154
9;2;93000;93000;2096;0;11;3;0;0;11;3;0.02253763440860215;0.000432258064516129
10;1;99000;99000;1505;0;11;2;0;0;11;2;0.015202020202020203;0.0004060606060606061
;;1000000;;;;;48;;;;48;0.5413924818627354;0.008515037856153063;0.5499075197188884
;;;;;;;0.0;;;;;
