ID;Priority;Period;Deadline;WCET;FPS Deadline Miss;FPS Executions;FPS Preemptions;Less;EDF Deadline Miss;EDF Executions;EDF Preemptions;Utilization by work;Utilization by calculable overheads
1;10;10000;10000;404;0;100;0;0;0;100;0;0.0404;0.004019999999999999
2;9;27000;27000;404;0;38;0;0;0;38;0;0.014962962962962963;0.001488888888888889
3;8;33000;33000;1327;0;31;3;0;0;31;3;0.04021212121212121;0.0012181818181818183
4;7;50000;50000;1582;0;20;2;0;0;20;2;0.03164;0.000804
5;6;54000;54000;1913;0;19;4;0;0;19;4;0.03542592592592592;0.0007444444444444445
6;5;66000;66000;5078;0;16;13;0;0;16;13;0.07693939393939395;0.0006090909090909092
7;4;85000;85000;9250;0;12;13;0;0;12;13;0.10882352941176471;0.0004729411764705882
8;3;86000;86000;2976;0;12;5;-2;0;12;7;0.0346046511627907;0.00046744186046511623
9;2;96000;96000;1358;0;11;1;0;0;11;1;0.014145833333333333;0.00041874999999999996
10;1;98000;98000;9019;0;11;22;3;0;11;19;0.09203061224489796;0.00041020408163265306
;;1000000;;;;;63;;;;62;0.48918503019319076;0.010653943179174417;0.49983897337236516
;;;;;;;0.015873015873015872;;;;;
