ID;Priority;Period;Deadline;WCET;FPS Deadline Miss;FPS Executions;FPS Preemptions;Less;EDF Deadline Miss;EDF Executions;EDF Preemptions;Utilization by work;Utilization by calculable overheads
1;10;13000;13000;348;0;77;0;0;0;77;0;0.02676923076923077;0.003092307692307692
2;9;18000;18000;83;0;56;0;0;0;56;0;0.004611111111111111;0.0022333333333333333
3;8;22000;22000;2674;0;46;11;0;0;46;11;0.12154545454545454;0.0018272727272727273
4;7;43000;43000;1147;0;24;6;1;0;24;5;0.026674418604651164;0.0009348837209302325
5;6;44000;44000;4464;0;23;14;0;0;23;14;0.10145454545454545;0.0009136363636363636
6;5;46000;46000;49;0;22;0;0;0;22;0;0.001065217391304348;0.0008739130434782608
7;4;65000;65000;13351;0;16;40;-1;0;15;41;0.2054;0.0006184615384615384
8;3;75000;75000;363;0;14;1;-1;0;13;2;0.00484;0.000536
9;2;80000;80000;8829;0;13;29;1;0;13;28;0.1103625;0.0005024999999999999
10;1;86000;86000;15913;0;11;47;4;0;12;43;0.18503488372093024;0.00046744186046511623
;;1000000;;;;;148;;;;144;0.7877573615972276;0.011999750279885264;0.799757111877113
;;;;;;;0.02702702702702703;;;;;
