ID;Priority;Period;Deadline;WCET;FPS Deadline Miss;FPS Executions;FPS Preemptions;Less;EDF Deadline Miss;EDF Executions;EDF Preemptions;Utilization by work;Utilization by calculable overheads
1;10;14000;14000;1576;0;72;0;0;0;72;0;0.11257142857142857;0.002871428571428571
2;9;38000;38000;385;0;27;0;0;0;27;0;0.01013157894736842;0.0010578947368421053
3;8;49000;49000;6265;0;21;3;-1;0;21;4;0.12785714285714286;0.0008204081632653061
4;7;49000;49000;1820;0;21;12;1;0;21;11;0.037142857142857144;0.0008204081632653061
5;6;59000;59000;5601;0;17;12;-2;0;17;14;0.09493220338983051;0.0006813559322033898
6;5;60000;60000;5198;0;17;6;-1;0;17;7;0.08663333333333334;0.00067
7;4;66000;66000;4224;0;16;9;-2;0;16;11;0.064;0.0006090909090909092
8;3;84000;84000;4661;0;12;6;-1;0;12;7;0.05548809523809524;0.00047857142857142857
9;2;85000;85000;10195;0;12;26;2;0;12;24;0.11994117647058823;0.0004729411764705882
10;1;100000;100000;13229;1;10;29;8;0;10;21;0.13229;0.000402
;;1000000;;;;;103;;;;99;0.8409878159506444;0.008884099081137601;0.849871915031782
;;;;;;;0.038834951456310676;;;;;
