ID;Priority;Period;Deadline;WCET;FPS Deadline Miss;FPS Executions;FPS Preemptions;Less;EDF Deadline Miss;EDF Executions;EDF Preemptions;Utilization by work;Utilization by calculable overheads
1;10;12000;12000;803;0;84;0;0;0;84;0;0.06691666666666667;0.0033499999999999997
2;9;20000;20000;92;0;50;0;0;0;50;0;0.0046;0.0020099999999999996
3;8;42000;42000;6813;0;24;16;-1;0;24;17;0.16221428571428573;0.0009571428571428571
4;7;45000;45000;5219;0;23;15;0;0;23;15;0.11597777777777778;0.0008933333333333334
5;6;57000;57000;12172;0;18;31;-3;0;18;34;0.2135438596491228;0.0007052631578947368
6;5;59000;59000;2325;0;17;5;0;0;17;5;0.03940677966101695;0.0006813559322033898
7;4;61000;61000;7637;0;16;28;7;0;16;21;0.1251967213114754;0.000659016393442623
8;3;61000;61000;4228;0;16;18;5;0;17;13;0.06931147540983607;0.000659016393442623
9;2;73000;73000;2990;1;14;8;3;0;14;5;0.040958904109589044;0.0005506849315068494
10;1;98000;98000;9886;3;10;26;7;0;10;19;0.10087755102040816;0.00041020408163265306
;;1000000;;;;;147;;;;129;0.9390040213201786;0.010876017080599064;0.9498800384007776
;;;;;;;0.12244897959183673;;;;;
