ID;Priority;Period;Deadline;WCET;FPS Deadline Miss;FPS Executions;FPS Preemptions;Less;EDF Deadline Miss;EDF Executions;EDF Preemptions;Utilization by work;Utilization by calculable overheads
1;10;16000;16000;473;0;63;0;0;0;63;0;0.0295625;0.0025125
2;9;39000;39000;277;0;26;0;0;0;26;0;0.007102564102564103;0.0010307692307692307
3;8;52000;52000;4702;0;20;5;0;0;20;5;0.09042307692307693;0.000773076923076923
4;7;53000;53000;1252;0;19;0;0;0;19;0;0.023622641509433964;0.0007584905660377359
5;6;62000;62000;780;0;17;0;-3;0;17;3;0.012580645161290323;0.0006483870967741935
6;5;62000;62000;3260;0;17;7;3;0;17;4;0.052580645161290324;0.0006483870967741935
7;4;83000;83000;10516;0;12;18;2;0;12;16;0.12669879518072288;0.00048433734939759034
8;3;90000;90000;2282;0;11;2;0;0;11;2;0.025355555555555555;0.0004466666666666667
9;2;97000;97000;8434;0;11;11;0;0;11;11;0.08694845360824742;0.00041443298969072163
10;1;98000;98000;23212;0;10;38;5;0;10;33;0.23685714285714285;0.00041020408163265306
;;1000000;;;;;81;;;;74;0.6917320200593244;0.008127252000819908;0.6998592720601443
;;;;;;;0.08641975308641975;;;;;
