ID;Priority;Period;Deadline;WCET;FPS Deadline Miss;FPS Executions;FPS Preemptions;Less;EDF Deadline Miss;EDF Executions;EDF Preemptions;Utilization by work;Utilization by calculable overheads
1;10;16000;16000;550;0;63;0;0;0;63;0;0.034375;0.0025125
2;9;42000;42000;1819;0;24;0;0;0;24;0;0.04330952380952381;0.0009571428571428571
3;8;49000;49000;107;0;21;0;0;0;21;0;0.002183673469387755;0.0008204081632653061
4;7;50000;50000;3326;0;20;3;0;0;20;3;0.06652;0.000804
5;6;56000;56000;3409;0;18;2;0;0;18;2;0.060875;0.0007178571428571428
6;5;61000;61000;3533;0;17;8;0;0;17;8;0.057918032786885246;0.000659016393442623
7;4;69000;69000;7898;0;15;13;0;0;15;13;0.11446376811594203;0.0005826086956521739
8;3;87000;87000;5167;0;12;8;-2;0;12;10;0.05939080459770115;0.00046206896551724135
9;2;87000;87000;6613;0;12;17;2;0;12;15;0.07601149425287357;0.00046206896551724135
10;1;91000;91000;6950;0;11;14;0;0;11;14;0.07637362637362638;0.0004417582417582418
;;1000000;;;;;65;;;;65;0.5914209234059398;0.008419429425152827;0.5998403528310926
;;;;;;;0.0;;;;;
