ID;Priority;Period;Deadline;WCET;FPS Deadline Miss;FPS Executions;FPS Preemptions;Less;EDF Deadline Miss;EDF Executions;EDF Preemptions;Utilization by work;Utilization by calculable overheads
1;10;28000;28000;408;0;36;0;0;0;36;0;0.014571428571428572;0.0014357142857142856
2;9;28000;28000;2912;0;36;0;0;0;36;0;0.104;0.0014357142857142856
3;8;48000;48000;4580;0;21;3;0;0;21;3;0.09541666666666666;0.0008374999999999999
4;7;48000;48000;1808;0;21;0;0;0;21;0;0.03766666666666667;0.0008374999999999999
5;6;51000;51000;5810;0;20;5;1;0;20;4;0.11392156862745098;0.0007882352941176471
6;5;54000;54000;156;0;19;0;0;0;19;0;0.0028888888888888888;0.0007444444444444445
7;4;63000;63000;3550;0;16;2;0;0;16;2;0.05634920634920635;0.0006380952380952382
8;3;72000;72000;1407;0;14;1;0;0;14;1;0.019541666666666666;0.0005583333333333333
9;2;95000;95000;17506;0;11;28;1;0;11;27;0.1842736842105263;0.0004231578947368421
10;1;97000;97000;6122;0;11;5;0;0;11;5;0.06311340206185567;0.00041443298969072163
;;1000000;;;;;44;;;;42;0.6917431787093568;0.008113127765846797;0.6998563064752036
;;;;;;;0.045454545454545456;;;;;
