ID;Priority;Period;Deadline;WCET;FPS Deadline Miss;FPS Regular Completions;FPS Preemptions;Less;EDF Deadline Miss;EDF Regular Completions;EDF Preemptions;Utilization by work;Utilization by calculable overheads;;FPS Min Response Jitter;FPS Max Response Jitter;FPS Min Release Jitter;FPS Max Release Jitter;FPS Avarage Response Jitter;EDF Min Response Jitter;EDF Max Response Jitter;EDF Min Release Jitter;EDF Max Release Jitter;EDF Avarage Response Jitter
1;6;10000;10000;1873;0;100;0;0;0;100;0;0.1873;0.0019660000000000003;;338131;342083;4543;13180;338197;338042;342999;3645;11962;339011
2;5;36000;36000;3155;0;28;5;0;0;28;5;0.08763888888888889;0.0005461111111111111;;569158;915500;4543;354120;631251;569151;916350;3652;1074804;631863
3;4;42000;42000;722;0;24;0;0;0;24;0;0.01719047619047619;0.00046809523809523816;;130823;130958;4567;925576;130858;130766;131710;3645;4369005;131182
4;3;74000;74000;29528;0;13;74;3;0;13;71;0.399027027027027;0.00026567567567567567;;7413482;7425161;4543;1058675;7418526;7278363;7424643;3666;1923414;7376614
5;2;83000;83000;16057;0;12;38;5;0;12;33;0.1934578313253012;0.0002368674698795181;;3584578;12062956;4543;8478244;5855343;3584158;11014328;3666;8341993;4537740
6;1;85000;85000;829;0;12;1;0;0;12;1;0.009752941176470587;0.00023129411764705881;;150084;630322;2506685;12065771;190179;150027;630035;2506427;12060436;190320
;;1000000;;;;;118;;;;110;0.894367164608164;0.003714043612408602;0.8980812082205726
;;;;;;;0.06779661016949153;;;;;
