ID;Priority;Period;Deadline;WCET;FPS Deadline Miss;FPS Regular Completions;FPS Preemptions;Less;EDF Deadline Miss;EDF Regular Completions;EDF Preemptions;Utilization by work;Utilization by calculable overheads;;FPS Min Response Jitter;FPS Max Response Jitter;FPS Min Release Jitter;FPS Max Release Jitter;FPS Avarage Response Jitter;EDF Min Response Jitter;EDF Max Response Jitter;EDF Min Release Jitter;EDF Max Release Jitter;EDF Avarage Response Jitter
1;6;17000;17000;1233;0;59;0;0;0;59;0;0.07252941176470588;0.0011564705882352942;;222939;226968;4543;13180;223426;222850;228138;3645;59474;224249
2;5;26000;26000;9229;0;39;20;2;0;39;18;0.35496153846153844;0.0007561538461538463;;1663147;1901295;4543;238928;1783406;1663060;1902339;3645;237529;1772550
3;4;32000;32000;4024;0;31;10;0;0;31;10;0.12575;0.000614375;;725661;2631791;4543;1904292;1047968;725605;2632788;3645;1902883;1048350
4;3;66000;66000;4961;0;15;8;-8;0;15;16;0.07516666666666667;0.0002978787878787879;;894365;3759138;4666;2634196;1355930;894400;3759677;3670;4810222;1812794
5;2;68000;68000;453;0;15;0;0;0;15;0;0.006661764705882353;0.00028911764705882354;;82407;82547;231315;3759300;82484;82350;82496;231164;6658563;82447
6;1;98000;98000;25466;0;10;60;13;0;10;47;0.25985714285714284;0.0002006122448979592;;10341179;14106380;4543;3844227;12430371;9357129;12978196;3666;3842774;10598639
;;1000000;;;;;98;;;;91;0.8949265244559361;0.003314608114224711;0.8982411325701608
;;;;;;;0.07142857142857142;;;;;
