ID;Priority;Period;Deadline;WCET;FPS Deadline Miss;FPS Regular Completions;FPS Preemptions;Less;EDF Deadline Miss;EDF Regular Completions;EDF Preemptions;Utilization by work;Utilization by calculable overheads;;FPS Min Response Jitter;FPS Max Response Jitter;FPS Min Release Jitter;FPS Max Release Jitter;FPS Avarage Response Jitter;EDF Min Response Jitter;EDF Max Response Jitter;EDF Min Release Jitter;EDF Max Release Jitter;EDF Avarage Response Jitter
1;4;32000;32000;11154;0;31;1;0;0;31;1;0.3485625;0.000614375;;2009894;2021751;3985;11428;2012763;2009804;2023090;3645;10514;2013645
2;3;46000;46000;9071;0;22;6;0;0;22;6;0.19719565217391305;0.0004273913043478261;;1634707;3660511;3966;2024131;2186273;1634618;3661384;3652;2023035;2186642
3;2;62000;62000;9951;0;16;5;1;0;16;4;0.1605;0.0003170967741935484;;1793147;5452529;4668;3661055;2503013;1793178;5453276;3670;3659947;2377048
4;1;97000;97000;18560;0;10;20;3;0;10;17;0.19134020618556702;0.00020268041237113404;;5361048;12462877;581289;5456567;9632080;5360905;10820564;581379;5455481;8166444
;;1000000;;;;;32;;;;28;0.89759835835948;0.0015615434909125084;0.8991599018503925
;;;;;;;0.125;;;;;
