ID;Priority;Period;Deadline;WCET;FPS Deadline Miss;FPS Regular Completions;FPS Preemptions;Less;EDF Deadline Miss;EDF Regular Completions;EDF Preemptions;Utilization by work;Utilization by calculable overheads;;FPS Min Response Jitter;FPS Max Response Jitter;FPS Min Release Jitter;FPS Max Release Jitter;FPS Avarage Response Jitter;EDF Min Response Jitter;EDF Max Response Jitter;EDF Min Release Jitter;EDF Max Release Jitter;EDF Avarage Response Jitter
1;4;47000;47000;1172;0;22;0;0;0;22;0;0.024936170212765958;0.00041829787234042557;;211958;215917;4543;11428;212162;211868;216962;3652;4396834;212727
2;3;51000;51000;7830;0;20;2;2;0;20;0;0.1535294117647059;0.00038549019607843143;;1411126;1631048;4543;226195;1433682;1411119;1416096;3652;4277615;1412737
3;2;83000;83000;4156;0;12;1;0;0;12;1;0.05007228915662651;0.0002368674698795181;;749432;753499;4543;1639620;751438;749371;754312;3666;1638512;752056
4;1;84000;84000;56239;0;12;31;17;0;12;14;0.6695119047619048;0.00023404761904761908;;11768175;13407066;4543;2391326;12350748;10138756;11777131;3666;2390233;11127606
;;1000000;;;;;34;;;;15;0.8980497758960031;0.0012747031573459942;0.8993244790533491
;;;;;;;0.5588235294117647;;;;;
