ID;Priority;Period;Deadline;WCET;FPS Deadline Miss;FPS Regular Completions;FPS Preemptions;Less;EDF Deadline Miss;EDF Regular Completions;EDF Preemptions;Utilization by work;Utilization by calculable overheads;;FPS Min Response Jitter;FPS Max Response Jitter;FPS Min Release Jitter;FPS Max Release Jitter;FPS Avarage Response Jitter;EDF Min Response Jitter;EDF Max Response Jitter;EDF Min Release Jitter;EDF Max Release Jitter;EDF Avarage Response Jitter
1;6;49000;49000;2073;0;21;0;0;0;21;0;0.04230612244897959;0.0004012244897959184;;374255;378287;4543;13180;374848;374166;379376;3645;2774578;375444
2;5;58000;58000;12979;0;18;5;2;0;18;3;0.22377586206896552;0.00033896551724137933;;2338623;2728216;4543;390244;2447295;2338531;2729302;3652;2092022;2406209
3;4;74000;74000;8993;0;14;3;-1;0;14;4;0.12152702702702703;0.00026567567567567567;;1620670;4356217;4543;2731084;1845301;1620614;4357214;3666;2729670;2013557
4;3;76000;76000;22538;0;13;11;3;0;13;8;0.29655263157894735;0.0002586842105263158;;4060300;6795630;4543;4354031;5170491;4060245;6795785;3666;4352638;4962264
5;2;81000;81000;14241;1;12;17;9;0;12;8;0.1758148148148148;0.00024271604938271607;;2565895;13715877;4543;8416665;6111570;2565840;6925858;3666;8415289;3418493
6;1;89000;89000;3327;1;11;3;2;0;11;1;0.03738202247191011;0.0002208988764044944;;600011;9968160;4543;24704335;2699352;600029;7021982;3666;10992141;1184685
;;1000000;;;;;39;;;;24;0.8973584804106445;0.0017281648190264997;0.899086645229671
;;;;;;;0.38461538461538464;;;;;
