ID;Priority;Period;Deadline;WCET;FPS Deadline Miss;FPS Regular Completions;FPS Preemptions;Less;EDF Deadline Miss;EDF Regular Completions;EDF Preemptions;Utilization by work;Utilization by calculable overheads;;FPS Min Response Jitter;FPS Max Response Jitter;FPS Min Release Jitter;FPS Max Release Jitter;FPS Avarage Response Jitter;EDF Min Response Jitter;EDF Max Response Jitter;EDF Min Release Jitter;EDF Max Release Jitter;EDF Avarage Response Jitter
1;6;14000;14000;2188;0;72;0;0;0;72;0;0.15628571428571428;0.0014042857142857143;;394944;402798;4543;13180;395562;394855;403913;3645;11962;396418
2;5;43000;43000;1213;0;24;1;-1;0;24;2;0.028209302325581394;0.00045720930232558143;;219335;622378;4543;410933;236310;219246;623227;3652;2258195;253445
3;4;46000;46000;1582;0;22;0;0;0;22;0;0.034391304347826085;0.0004273913043478261;;285756;285878;4543;632486;285786;285665;286643;3652;631075;286340
4;3;61000;61000;10324;0;17;23;-1;0;17;24;0.16924590163934428;0.00032229508196721313;;2087003;2783376;4567;920638;2362181;2086854;2783891;3652;2443597;2375944
5;2;70000;70000;9013;0;14;10;-2;0;14;12;0.12875714285714285;0.00028085714285714286;;1624268;4187939;403138;3186167;2118020;1624216;4523102;402919;4181286;2100312
6;1;95000;95000;35949;1;10;67;11;0;10;56;0.3784105263157895;0.00020694736842105264;;12499919;15294256;4543;4812828;13063813;8203325;12511467;3666;4811226;10069983
;;1000000;;;;;101;;;;94;0.8952998917713983;0.0030989859142045305;0.8983988776856029
;;;;;;;0.06930693069306931;;;;;
