ID;Priority;Period;Deadline;WCET;FPS Deadline Miss;FPS Regular Completions;FPS Preemptions;Less;EDF Deadline Miss;EDF Regular Completions;EDF Preemptions;Utilization by work;Utilization by calculable overheads;;FPS Min Response Jitter;FPS Max Response Jitter;FPS Min Release Jitter;FPS Max Release Jitter;FPS Avarage Response Jitter;EDF Min Response Jitter;EDF Max Response Jitter;EDF Min Release Jitter;EDF Max Release Jitter;EDF Avarage Response Jitter
1;6;18000;18000;3564;0;56;0;0;0;56;0;0.198;0.0010922222222222223;;642751;647415;4543;13180;643560;642663;648482;3645;841418;644292
2;5;22000;22000;7009;0;45;16;11;0;45;5;0.3185909090909091;0.0008936363636363637;;1263311;1921882;4543;658740;1482966;1263222;1922776;3652;1121118;1325410
3;4;23000;23000;3546;0;43;15;8;0;44;7;0.15417391304347827;0.0008547826086956522;;639507;2564117;4543;1924269;1028014;639451;1295102;3652;1922858;744846
4;3;63000;63000;7623;0;16;23;0;0;16;23;0.121;0.00031206349206349207;;1373835;4595251;4668;2566169;3383769;1373779;4595301;35929;2565717;3383693
5;2;84000;84000;688;0;12;1;-2;0;12;3;0.00819047619047619;0.00023404761904761908;;124703;771667;51393;7164150;178669;124646;774758;51565;7164106;286682
6;1;89000;89000;8416;0;12;30;4;0;12;26;0.09456179775280898;0.0002208988764044944;;1516697;9458156;232147;7286916;6161557;1516646;8683119;231330;7285435;5341786
;;1000000;;;;;85;;;;64;0.8945170960776725;0.0036076511820698435;0.8981247472597423
;;;;;;;0.24705882352941178;;;;;
