ID;Priority;Period;Deadline;WCET;FPS Deadline Miss;FPS Regular Completions;FPS Preemptions;Less;EDF Deadline Miss;EDF Regular Completions;EDF Preemptions;Utilization by work;Utilization by calculable overheads;;FPS Min Response Jitter;FPS Max Response Jitter;FPS Min Release Jitter;FPS Max Release Jitter;FPS Avarage Response Jitter;EDF Min Response Jitter;EDF Max Response Jitter;EDF Min Release Jitter;EDF Max Release Jitter;EDF Avarage Response Jitter
1;4;46000;46000;1811;0;22;0;0;0;22;0;0.0393695652173913;0.0004273913043478261;;326980;331847;4543;11428;327225;326890;331845;3666;5046306;327606
2;3;50000;50000;10444;0;20;3;2;0;20;1;0.20888;0.0003932;;1882004;2224219;4543;341217;1934714;1881919;2225232;3666;340121;1902427
3;2;51000;51000;31451;0;19;16;14;0;19;2;0.616686274509804;0.00038549019607843143;;5665694;7893211;4543;2225520;6094791;5665641;6008955;3666;2224412;5687947
4;1;93000;93000;3059;0;11;4;0;0;11;4;0.03289247311827957;0.00021139784946236562;;551855;6559114;160165;7893496;1471875;551799;6558794;160462;7892403;1471766
;;1000000;;;;;23;;;;7;0.8978283128454748;0.0014174793498886232;0.8992457921953635
;;;;;;;0.6956521739130435;;;;;
