ID;Priority;Period;Deadline;WCET;FPS Deadline Miss;FPS Regular Completions;FPS Preemptions;Less;EDF Deadline Miss;EDF Regular Completions;EDF Preemptions;Utilization by work;Utilization by calculable overheads;;FPS Min Response Jitter;FPS Max Response Jitter;FPS Min Release Jitter;FPS Max Release Jitter;FPS Avarage Response Jitter;EDF Min Response Jitter;EDF Max Response Jitter;EDF Min Release Jitter;EDF Max Release Jitter;EDF Avarage Response Jitter
1;4;39000;39000;2244;0;26;0;0;0;26;0;0.05753846153846154;0.0005041025641025641;;405026;409010;4543;11428;405657;404936;410045;3645;2633115;406351
2;3;44000;44000;825;0;23;0;0;0;23;0;0.01875;0.00044681818181818185;;149400;149504;4543;419263;149408;149313;150257;3645;3920657;149974
3;2;80000;80000;15935;0;13;5;-2;0;12;7;0.1991875;0.00024575000000000004;;2870974;3440137;4543;570980;2951243;2871002;3439767;3666;7214874;3019175
4;1;94000;94000;58502;1;10;44;18;0;10;26;0.6223617021276596;0.00020914893617021279;;14397830;14554761;4543;3444315;14522818;10958593;13993486;3666;3443226;11565976
;;1000000;;;;;49;;;;33;0.8978376636661212;0.0014058196820909588;0.8992434833482121
;;;;;;;0.32653061224489793;;;;;
