ID;Priority;Period;Deadline;WCET;FPS Deadline Miss;FPS Regular Completions;FPS Preemptions;Less;EDF Deadline Miss;EDF Regular Completions;EDF Preemptions;Utilization by work;Utilization by calculable overheads;;FPS Min Response Jitter;FPS Max Response Jitter;FPS Min Release Jitter;FPS Max Release Jitter;FPS Avarage Response Jitter;EDF Min Response Jitter;EDF Max Response Jitter;EDF Min Release Jitter;EDF Max Release Jitter;EDF Avarage Response Jitter
1;4;14000;14000;5858;0;72;0;0;0;72;0;0.4184285714285714;0.0014042857142857143;;1055898;1059956;4543;11428;1056302;1055808;1061039;3645;10514;1057124
2;3;21000;21000;1950;0;48;0;0;0;48;0;0.09285714285714286;0.0009361904761904763;;352020;356048;4543;1070135;352215;352013;356177;3652;1069039;352597
3;2;78000;78000;23778;0;13;58;0;0;13;58;0.3048461538461538;0.00025205128205128206;;8189066;9611604;4543;1424455;8464793;8188324;9611527;3651;1423348;8464448
4;1;93000;93000;7397;0;11;14;0;0;11;14;0.07953763440860215;0.00021139784946236562;;2396420;10952208;4543;9615968;3466564;2396266;10951127;3666;9614177;3466295
;;1000000;;;;;72;;;;72;0.8956695025404703;0.0028039253219898385;0.8984734278624601
;;;;;;;0.0;;;;;
