ID;Priority;Period;Deadline;WCET;FPS Deadline Miss;FPS Regular Completions;FPS Preemptions;Less;EDF Deadline Miss;EDF Regular Completions;EDF Preemptions;Utilization by work;Utilization by calculable overheads;;FPS Min Response Jitter;FPS Max Response Jitter;FPS Min Release Jitter;FPS Max Release Jitter;FPS Avarage Response Jitter;EDF Min Response Jitter;EDF Max Response Jitter;EDF Min Release Jitter;EDF Max Release Jitter;EDF Avarage Response Jitter
1;4;23000;23000;4229;0;44;0;0;0;44;0;0.1838695652173913;0.0008547826086956522;;762565;767395;4543;11428;763251;762475;768691;3645;31196;764087
2;3;54000;54000;20048;0;19;19;0;0;19;19;0.37125925925925923;0.00036407407407407406;;4381697;4390095;4543;776802;4385331;4381963;4390770;3652;1623715;4385613
3;2;56000;56000;4744;0;18;4;0;0;18;4;0.08471428571428571;0.00035107142857142856;;855301;1625805;4567;5161321;1026541;855215;1625985;3670;5648709;1026737
4;1;98000;98000;25232;0;10;27;5;0;10;22;0.25746938775510203;0.0002006122448979592;;10566869;16588457;4543;6018985;11631242;5319456;11342127;3666;6017649;9560167
;;1000000;;;;;50;;;;45;0.8973124979460383;0.0017705403562391139;0.8990830383022774
;;;;;;;0.1;;;;;
