ID;Priority;Period;Deadline;WCET;FPS Deadline Miss;FPS Regular Completions;FPS Preemptions;Less;EDF Deadline Miss;EDF Regular Completions;EDF Preemptions;Utilization by work;Utilization by calculable overheads;;FPS Min Response Jitter;FPS Max Response Jitter;FPS Min Release Jitter;FPS Max Release Jitter;FPS Avarage Response Jitter;EDF Min Response Jitter;EDF Max Response Jitter;EDF Min Release Jitter;EDF Max Release Jitter;EDF Avarage Response Jitter
1;4;48000;48000;7939;0;21;0;0;0;21;0;0.16539583333333333;0.00040958333333333336;;1430744;1434696;4649;11428;1431121;1430738;1434916;5052;3325511;1432119
2;3;64000;64000;32662;0;15;11;10;0;15;1;0.51034375;0.0003071875;;5883785;7326427;4543;1445065;6844466;5883695;5893016;3666;1443969;5888532
3;2;82000;82000;7494;0;12;3;0;0;12;3;0.09139024390243902;0.00023975609756097561;;1350660;8677559;4543;7331067;2201288;1350573;8678190;3666;7329958;2944759
4;1;96000;96000;12585;5;10;11;11;0;10;0;0.13109375;0.00020479166666666668;;2267506;12393702;2443344;10122194;8644412;2267525;2275986;2443388;8687169;2270484
;;1000000;;;;;25;;;;4;0.8982235772357723;0.0011613185975609757;0.8993848958333333
;;;;;;;0.84;;;;;
