ID;Priority;Period;Deadline;WCET;FPS Deadline Miss;FPS Regular Completions;FPS Preemptions;Less;EDF Deadline Miss;EDF Regular Completions;EDF Preemptions;Utilization by work;Utilization by calculable overheads;;FPS Min Response Jitter;FPS Max Response Jitter;FPS Min Release Jitter;FPS Max Release Jitter;FPS Avarage Response Jitter;EDF Min Response Jitter;EDF Max Response Jitter;EDF Min Release Jitter;EDF Max Release Jitter;EDF Avarage Response Jitter
1;4;46000;46000;5540;0;22;0;0;0;22;0;0.12043478260869565;0.0004273913043478261;;998659;1002645;4543;11428;999582;998569;1003548;3645;2423304;999846
2;3;62000;62000;13637;0;16;5;0;0;16;5;0.21995161290322582;0.0003170967741935484;;2457092;3467631;4543;1012896;2709952;2457007;3468299;3652;3366347;2711089
3;2;97000;97000;1655;0;11;0;0;0;11;0;0.017061855670103092;0.00020268041237113404;;298901;299019;4543;3472289;298935;298844;303079;3666;3553327;299551
4;1;100000;100000;54080;1;10;27;12;0;10;15;0.5408;0.0001966;;13212028;16988828;4543;3773464;14461662;10751623;13221279;3666;3772374;12231023
;;1000000;;;;;32;;;;20;0.8982482511820244;0.0011437684909125084;0.8993920196729369
;;;;;;;0.375;;;;;
