ID;Priority;Period;Deadline;WCET;FPS Deadline Miss;FPS Regular Completions;FPS Preemptions;Less;EDF Deadline Miss;EDF Regular Completions;EDF Preemptions;Utilization by work;Utilization by calculable overheads;;FPS Min Response Jitter;FPS Max Response Jitter;FPS Min Release Jitter;FPS Max Release Jitter;FPS Avarage Response Jitter;EDF Min Response Jitter;EDF Max Response Jitter;EDF Min Release Jitter;EDF Max Release Jitter;EDF Avarage Response Jitter
1;4;16000;16000;2611;0;63;0;0;0;63;0;0.1631875;0.00122875;;471088;475840;4543;11428;471503;470998;476954;3645;10514;472352
2;3;25000;25000;5433;0;40;13;0;0;40;13;0.21732;0.0007864;;979431;1461808;4543;485325;1135465;979347;1462858;3652;764506;1136106
3;2;45000;45000;7612;0;22;21;-1;0;22;22;0.16915555555555556;0.0004368888888888889;;1371860;2841024;4543;1467061;2014915;1371804;2841776;3652;3046957;1968880
4;1;72000;72000;24925;0;14;54;5;0;14;49;0.34618055555555555;0.0002730555555555556;;9274705;11135503;4543;2841713;9546041;6915944;9278290;3666;2841384;8107007
;;1000000;;;;;88;;;;84;0.895843611111111;0.0027250944444444447;0.8985687055555555
;;;;;;;0.045454545454545456;;;;;
