ID;Priority;Period;Deadline;WCET;FPS Deadline Miss;FPS Regular Completions;FPS Preemptions;Less;EDF Deadline Miss;EDF Regular Completions;EDF Preemptions;Utilization by work;Utilization by calculable overheads;;FPS Min Response Jitter;FPS Max Response Jitter;FPS Min Release Jitter;FPS Max Release Jitter;FPS Avarage Response Jitter;EDF Min Response Jitter;EDF Max Response Jitter;EDF Min Release Jitter;EDF Max Release Jitter;EDF Avarage Response Jitter
1;6;30000;30000;1244;0;34;0;0;0;34;0;0.041466666666666666;0.0006553333333333334;;224911;224947;4543;13180;224939;224823;229816;3645;1672458;225861
2;5;70000;70000;25447;0;14;11;-3;0;14;14;0.3635285714285714;0.00028085714285714286;;4584264;4825112;5283;240900;4736830;4584176;4829712;4422;1565935;4787496
3;4;70000;70000;7346;0;14;5;3;0;15;2;0.10494285714285714;0.00028085714285714286;;1324106;1556949;4821349;4833437;1408252;1323895;1556170;4426;4938046;1356055
4;3;76000;76000;2266;0;13;0;-1;0;13;1;0.029815789473684212;0.0002586842105263158;;408990;412957;4543;6386505;409305;408933;641144;3666;6385103;427642
5;2;87000;87000;15102;0;12;11;1;0;12;10;0.17358620689655171;0.0002259770114942529;;2721005;9524614;4543;6797827;3987793;2720948;9113692;3666;6796444;3919700
6;1;89000;89000;16351;2;11;12;6;0;11;6;0.18371910112359552;0.0002208988764044944;;2945871;12706944;109245;9521218;6036886;2945888;9326481;109142;9519854;4150516
;;1000000;;;;;39;;;;33;0.8970591927319267;0.0019226077174726822;0.8989818004493993
;;;;;;;0.15384615384615385;;;;;
