ID;Priority;Period;Deadline;WCET;FPS Deadline Miss;FPS Regular Completions;FPS Preemptions;Less;EDF Deadline Miss;EDF Regular Completions;EDF Preemptions;Utilization by work;Utilization by calculable overheads;;FPS Min Response Jitter;FPS Max Response Jitter;FPS Min Release Jitter;FPS Max Release Jitter;FPS Avarage Response Jitter;EDF Min Response Jitter;EDF Max Response Jitter;EDF Min Release Jitter;EDF Max Release Jitter;EDF Avarage Response Jitter
1;6;13000;13000;2491;0;77;0;0;0;77;0;0.1916153846153846;0.0015123076923076926;;449497;453547;4543;13180;449977;449408;454711;3645;11962;450828
2;5;51000;51000;1991;0;20;4;0;0;20;4;0.03903921568627451;0.00038549019607843143;;359498;820907;4543;465486;451531;359409;821684;3652;2070101;451473
3;4;53000;53000;17071;0;19;29;3;0;19;26;0.3220943396226415;0.0003709433962264151;;3532425;4360793;4543;827203;3760813;3532321;3994739;3652;1808431;3703898
4;3;72000;72000;10677;0;14;21;2;0;14;19;0.14829166666666665;0.0002730555555555556;;2380742;6745706;4543;4362628;3589892;2380557;6383427;3666;4360976;3538416
5;2;91000;91000;7096;0;11;8;-2;0;11;10;0.07797802197802198;0.00021604395604395604;;1278973;4494283;457716;6746340;1854234;1278918;5642846;457480;6744444;2614187
6;1;97000;97000;11295;1;11;26;4;0;11;22;0.11644329896907217;0.00020268041237113404;;2492023;14890771;4543;8484561;6704185;2491978;9244509;3666;8482586;4308995
;;1000000;;;;;88;;;;81;0.8954619275380614;0.002960521208583185;0.8984224487466446
;;;;;;;0.07954545454545454;;;;;
