ID;Priority;Period;Deadline;WCET;FPS Deadline Miss;FPS Regular Completions;FPS Preemptions;Less;EDF Deadline Miss;EDF Regular Completions;EDF Preemptions;Utilization by work;Utilization by calculable overheads;;FPS Min Response Jitter;FPS Max Response Jitter;FPS Min Release Jitter;FPS Max Release Jitter;FPS Avarage Response Jitter;EDF Min Response Jitter;EDF Max Response Jitter;EDF Min Release Jitter;EDF Max Release Jitter;EDF Avarage Response Jitter
1;4;24000;24000;6339;0;42;0;0;0;42;0;0.264125;0.0008191666666666667;;1142597;1146650;4543;11428;1143373;1142507;1147737;3645;10514;1144225
2;3;61000;61000;22378;0;16;20;0;0;16;20;0.36685245901639346;0.00032229508196721313;;5181375;6335981;4543;1156834;5327644;5181188;6336806;3666;1466053;5328044
3;2;87000;87000;7426;0;12;6;0;0;12;6;0.08535632183908046;0.0002259770114942529;;1338390;6531689;4543;6341149;2251497;1338332;6532328;3666;6339781;2251737
4;1;88000;88000;15950;1;11;17;4;0;11;13;0.18125;0.00022340909090909093;;4023600;11708179;629857;7681813;8496325;4023451;9213014;629945;7680466;5441164
;;1000000;;;;;43;;;;39;0.897583780855474;0.0015908478510372236;0.8991746287065112
;;;;;;;0.09302325581395349;;;;;
