ID;Priority;Period;Deadline;WCET;FPS Deadline Miss;FPS Regular Completions;FPS Preemptions;Less;EDF Deadline Miss;EDF Regular Completions;EDF Preemptions;Utilization by work;Utilization by calculable overheads;;FPS Min Response Jitter;FPS Max Response Jitter;FPS Min Release Jitter;FPS Max Release Jitter;FPS Avarage Response Jitter;EDF Min Response Jitter;EDF Max Response Jitter;EDF Min Release Jitter;EDF Max Release Jitter;EDF Avarage Response Jitter
1;4;71000;71000;12607;0;14;1;0;0;14;1;0.17756338028169014;0.0002769014084507042;;2271540;2275525;4543;11428;2272977;2271450;2276429;3646;5683763;2272678
2;3;77000;77000;976;0;13;0;0;0;13;0;0.012675324675324675;0.00025532467532467533;;176666;180613;4543;2285777;176989;176576;181535;3666;7778289;177060
3;2;90000;90000;54423;0;11;16;12;0;11;4;0.6047;0.00021844444444444445;;9803475;12270683;4543;2464661;11614509;9803422;12091279;3666;2463551;10243536
4;1;94000;94000;9738;1;11;5;5;0;11;0;0.10359574468085106;0.00020914893617021279;;1754778;16491546;4717164;12270410;3525569;1754728;1763056;4537769;12269323;1757023
;;1000000;;;;;22;;;;5;0.8985344496378659;0.0009598194643900367;0.8994942691022559
;;;;;;;0.7727272727272727;;;;;
