ID;Priority;Period;Deadline;WCET;FPS Deadline Miss;FPS Regular Completions;FPS Preemptions;Less;EDF Deadline Miss;EDF Regular Completions;EDF Preemptions;Utilization by work;Utilization by calculable overheads;;FPS Min Response Jitter;FPS Max Response Jitter;FPS Min Release Jitter;FPS Max Release Jitter;FPS Avarage Response Jitter;EDF Min Response Jitter;EDF Max Response Jitter;EDF Min Release Jitter;EDF Max Release Jitter;EDF Avarage Response Jitter
1;4;31000;31000;11909;0;32;1;0;0;32;1;0.3841612903225806;0.0006341935483870968;;2145792;2153752;4543;184680;2148041;2145702;2154892;3645;183670;2148939
2;3;39000;39000;354;0;26;0;0;0;26;0;0.009076923076923076;0.0005041025641025641;;64621;65467;4543;2160029;64684;64534;65697;3652;2158933;65031
3;2;59000;59000;4026;0;17;3;2;0;17;1;0.06823728813559322;0.00033322033898305084;;726037;2951022;4543;2226956;983611;725979;2879087;3652;5311287;853200
4;1;98000;98000;42727;0;10;41;7;0;10;34;0.43598979591836734;0.0002006122448979592;;12808331;15766378;4543;2955267;13516375;12078735;14969990;3666;2954191;12769993
;;1000000;;;;;45;;;;36;0.8974652974534643;0.001672128696370671;0.8991374261498349
;;;;;;;0.2;;;;;
