ID;Priority;Period;Deadline;WCET;FPS Deadline Miss;FPS Regular Completions;FPS Preemptions;Less;EDF Deadline Miss;EDF Regular Completions;EDF Preemptions;Utilization by work;Utilization by calculable overheads;;FPS Min Response Jitter;FPS Max Response Jitter;FPS Min Release Jitter;FPS Max Release Jitter;FPS Avarage Response Jitter;EDF Min Response Jitter;EDF Max Response Jitter;EDF Min Release Jitter;EDF Max Release Jitter;EDF Avarage Response Jitter
1;4;52000;52000;28384;0;19;1;0;0;19;1;0.5458461538461539;0.00037807692307692314;;5113284;5122006;4543;11428;5118962;5113194;5123305;3666;10758;5120037
2;3;53000;53000;1520;0;19;0;0;0;19;0;0.028679245283018868;0.0003709433962264151;;274590;274705;1885964;5127521;274669;274534;278775;2065613;7885689;274832
3;2;53000;53000;15301;0;19;0;0;0;19;0;0.2886981132075472;0.0003709433962264151;;2756820;2763398;2163623;5404441;2758331;2756725;2763775;1886035;5220436;2757845
4;1;84000;84000;2914;0;12;0;0;0;12;0;0.03469047619047619;0.00023404761904761908;;525656;525747;4543;8163480;525736;525686;526375;3666;8162634;525744
;;1000000;;;;;1;;;;1;0.8979139885271962;0.0013540113345773723;0.8992679998617735
;;;;;;;0.0;;;;;
