ID;Priority;Period;Deadline;WCET;FPS Deadline Miss;FPS Regular Completions;FPS Preemptions;Less;EDF Deadline Miss;EDF Regular Completions;EDF Preemptions;Utilization by work;Utilization by calculable overheads;;FPS Min Response Jitter;FPS Max Response Jitter;FPS Min Release Jitter;FPS Max Release Jitter;FPS Avarage Response Jitter;EDF Min Response Jitter;EDF Max Response Jitter;EDF Min Release Jitter;EDF Max Release Jitter;EDF Avarage Response Jitter
1;6;15000;15000;3632;0;67;0;0;0;67;0;0.24213333333333334;0.0013106666666666668;;654991;663691;4543;13180;655974;654903;665214;3645;12206;656857
2;5;26000;26000;576;0;39;0;-2;0;39;2;0.022153846153846152;0.0007561538461538463;;104571;108659;5283;670980;104693;104484;766727;4408;1341377;138770
3;4;26000;26000;3458;0;39;11;1;0;39;10;0.133;0.0007561538461538463;;623664;1291382;112790;777868;811124;623607;1291389;4408;825254;794500
4;3;48000;48000;3011;0;21;6;-1;0;21;7;0.06272916666666667;0.00040958333333333336;;543216;1945630;4543;1403750;771412;543126;1946602;3652;3170345;810570
5;2;67000;67000;22377;0;15;48;1;0;15;47;0.33398507462686566;0.0002934328358208955;;6095717;8048843;4543;1949302;7054552;6095552;8048926;3666;1948155;6836275
6;1;75000;75000;7516;0;14;20;7;0;14;13;0.10021333333333333;0.0002621333333333334;;1354705;9409276;663858;8047748;3361196;1354611;3306766;663520;8046195;2463836
;;1000000;;;;;85;;;;79;0.8942147541140452;0.0037881238614619218;0.898002877975507
;;;;;;;0.07058823529411765;;;;;
