ID;Priority;Period;Deadline;WCET;FPS Deadline Miss;FPS Regular Completions;FPS Preemptions;Less;EDF Deadline Miss;EDF Regular Completions;EDF Preemptions;Utilization by work;Utilization by calculable overheads;;FPS Min Response Jitter;FPS Max Response Jitter;FPS Min Release Jitter;FPS Max Release Jitter;FPS Avarage Response Jitter;EDF Min Response Jitter;EDF Max Response Jitter;EDF Min Release Jitter;EDF Max Release Jitter;EDF Avarage Response Jitter
1;4;38000;38000;747;0;27;0;0;0;27;0;0.019657894736842107;0.0005173684210526316;;135323;135358;4543;11428;135352;135233;136215;3666;3469035;135716
2;3;48000;48000;28261;0;21;15;11;0;21;4;0.5887708333333334;0.00040958333333333336;;5091167;5241803;4543;149562;5196208;5091082;5238676;3652;148464;5124282
3;2;62000;62000;16861;0;16;13;3;0;16;10;0.2719516129032258;0.0003170967741935484;;3037856;8425523;4543;5243032;4402466;3037804;8287855;3666;5241918;4359603
4;1;78000;78000;1352;1;13;4;2;0;13;2;0.017333333333333333;0.00025205128205128206;;244288;8531511;4543;8425727;1922417;244308;5346950;3666;8424460;882794
;;1000000;;;;;32;;;;16;0.8977136743067345;0.0014960998106307954;0.8992097741173654
;;;;;;;0.5;;;;;
