ID;Priority;Period;Deadline;WCET;FPS Deadline Miss;FPS Regular Completions;FPS Preemptions;Less;EDF Deadline Miss;EDF Regular Completions;EDF Preemptions;Utilization by work;Utilization by calculable overheads;;FPS Min Response Jitter;FPS Max Response Jitter;FPS Min Release Jitter;FPS Max Release Jitter;FPS Avarage Response Jitter;EDF Min Response Jitter;EDF Max Response Jitter;EDF Min Release Jitter;EDF Max Release Jitter;EDF Avarage Response Jitter
1;6;19000;19000;3497;0;53;0;0;0;53;0;0.18405263157894736;0.0010347368421052632;;630681;634736;4543;13180;631751;630593;635899;3645;622330;632609
2;5;37000;37000;2880;0;27;5;2;0;27;3;0.07783783783783783;0.0005313513513513513;;519536;1158181;4543;646670;614538;519450;1157951;3645;3209571;567457
3;4;51000;51000;724;0;20;1;1;0;20;0;0.01419607843137255;0.00038549019607843143;;131210;769403;4649;1168507;163145;131123;135366;3652;4785098;131531
4;3;54000;54000;22438;0;18;46;13;0;19;33;0.4155185185185185;0.00036407407407407406;;4680379;5991468;4543;1302094;5520373;4680238;5858426;3666;1300705;5146719
5;2;55000;55000;8148;0;18;16;6;0;18;10;0.14814545454545455;0.00035745454545454546;;1468453;2637385;2293768;5984803;2058030;1468397;2114782;2293669;5983349;1826230
6;1;83000;83000;4628;0;12;9;2;0;12;7;0.05575903614457831;0.0002368674698795181;;834393;8297501;90698;8620548;1738408;834338;8297257;90738;8618739;1715855
;;1000000;;;;;77;;;;53;0.8955095570567091;0.0029099744789431834;0.8984195315356522
;;;;;;;0.3116883116883117;;;;;
