ID;Priority;Period;Deadline;WCET;FPS Deadline Miss;FPS Regular Completions;FPS Preemptions;Less;EDF Deadline Miss;EDF Regular Completions;EDF Preemptions;Utilization by work;Utilization by calculable overheads;;FPS Min Response Jitter;FPS Max Response Jitter;FPS Min Release Jitter;FPS Max Release Jitter;FPS Avarage Response Jitter;EDF Min Response Jitter;EDF Max Response Jitter;EDF Min Release Jitter;EDF Max Release Jitter;EDF Avarage Response Jitter
1;4;25000;25000;1273;0;40;0;0;0;40;0;0.05092;0.0007864;;230131;234161;5283;11428;230253;230041;235244;4408;1556868;230696
2;3;25000;25000;3143;0;40;0;0;0;40;0;0.12572;0.0007864;;566963;570919;238381;244368;567451;566874;572085;4408;1039583;567658
3;2;28000;28000;3200;0;36;4;1;0;36;3;0.11428571428571428;0.0007021428571428571;;577237;1385817;4543;813549;667418;577145;1386387;3652;2286081;645482
4;1;87000;87000;52656;0;11;55;9;0;11;46;0.6052413793103448;0.0002259770114942529;;13078191;13663352;4543;1393062;13396958;12274763;13082507;3666;1392098;12694822
;;1000000;;;;;59;;;;49;0.8961670935960591;0.00250091986863711;0.8986680134646962
;;;;;;;0.1694915254237288;;;;;
