ID;Priority;Period;Deadline;WCET;FPS Deadline Miss;FPS Regular Completions;FPS Preemptions;Less;EDF Deadline Miss;EDF Regular Completions;EDF Preemptions;Utilization by work;Utilization by calculable overheads;;FPS Min Response Jitter;FPS Max Response Jitter;FPS Min Release Jitter;FPS Max Release Jitter;FPS Avarage Response Jitter;EDF Min Response Jitter;EDF Max Response Jitter;EDF Min Release Jitter;EDF Max Release Jitter;EDF Avarage Response Jitter
1;4;19000;19000;2057;0;53;0;0;0;53;0;0.10826315789473684;0.0010347368421052632;;371366;376086;4567;11428;371697;371276;377161;3652;724839;372394
2;3;30000;30000;3994;0;34;7;-1;0;34;8;0.13313333333333333;0.0006553333333333334;;720269;1103645;4543;385603;798497;720179;1104594;3652;1617820;810173
3;2;38000;38000;12441;0;26;12;7;0;26;5;0.32739473684210524;0.0005173684210526316;;2241669;2973171;379560;1108091;2550250;2241582;2973175;379341;1891772;2356284
4;1;66000;66000;21607;1;15;48;9;0;15;39;0.3273787878787879;0.0002978787878787879;;7622725;11353558;4543;3352041;8636418;5377764;8007175;3666;3350952;7151803
;;1000000;;;;;67;;;;52;0.8961700159489634;0.002505317384370016;0.8986753333333334
;;;;;;;0.22388059701492538;;;;;
