ID;Priority;Period;Deadline;WCET;FPS Deadline Miss;FPS Regular Completions;FPS Preemptions;Less;EDF Deadline Miss;EDF Regular Completions;EDF Preemptions;Utilization by work;Utilization by calculable overheads;;FPS Min Response Jitter;FPS Max Response Jitter;FPS Min Release Jitter;FPS Max Release Jitter;FPS Avarage Response Jitter;EDF Min Response Jitter;EDF Max Response Jitter;EDF Min Release Jitter;EDF Max Release Jitter;EDF Avarage Response Jitter
1;4;25000;25000;468;0;40;0;0;0;40;0;0.01872;0.0007864;;85105;85140;4543;11428;85134;85015;89293;3646;1564463;85884
2;3;28000;28000;7906;0;36;10;7;0;36;3;0.28235714285714286;0.0007021428571428571;;1424811;1517888;4543;99344;1450780;1424805;1518481;3652;501223;1434274
3;2;95000;95000;7154;0;11;6;0;0;11;6;0.07530526315789474;0.00020694736842105264;;1289431;2815860;4543;1526459;1845074;1289374;2815622;3666;1525345;1845271
4;1;98000;98000;51030;0;10;45;4;0;10;41;0.5207142857142857;0.0002006122448979592;;12241934;15060204;4543;2818164;13013163;12241335;12337401;3666;2817072;12306760
;;1000000;;;;;61;;;;50;0.8970966917293233;0.0018961024704618689;0.8989927941997852
;;;;;;;0.18032786885245902;;;;;
