ID;Priority;Period;Deadline;WCET;FPS Deadline Miss;FPS Regular Completions;FPS Preemptions;Less;EDF Deadline Miss;EDF Regular Completions;EDF Preemptions;Utilization by work;Utilization by calculable overheads;;FPS Min Response Jitter;FPS Max Response Jitter;FPS Min Release Jitter;FPS Max Release Jitter;FPS Avarage Response Jitter;EDF Min Response Jitter;EDF Max Response Jitter;EDF Min Release Jitter;EDF Max Release Jitter;EDF Avarage Response Jitter
1;6;21000;21000;829;0;48;0;0;0;48;0;0.03947619047619048;0.0009361904761904763;;150079;150114;4543;13180;150108;149989;150971;3645;325495;150904
2;5;48000;48000;9436;0;21;9;0;0;21;9;0.19658333333333333;0.00040958333333333336;;1700446;1862415;4543;166070;1769107;1700365;1863184;3666;3402181;1769470
3;4;52000;52000;21936;0;19;25;5;0;19;20;0.42184615384615387;0.00037807692307692314;;4109298;5982478;4543;1868818;4577384;4109121;4118296;3652;1964972;4112861
4;3;69000;69000;7463;0;15;10;0;0;15;10;0.10815942028985508;0.00028492753623188407;;1345035;7330813;4543;5981121;3085820;1344980;7331256;3653;5979474;3200591
5;2;90000;90000;10750;1;11;18;4;0;11;14;0.11944444444444445;0.00021844444444444445;;1937175;9429776;4543;7328488;6321576;1937120;9429695;3666;7326863;4337573
6;1;96000;96000;1033;1;11;4;2;0;11;2;0.010760416666666666;0.00020479166666666668;;186862;7521401;1708765;24681452;1242273;186881;4303475;1708638;9432231;575429
;;1000000;;;;;66;;;;55;0.8962699590566439;0.0024320143799437277;0.8987019734365876
;;;;;;;0.16666666666666666;;;;;
