ID;Priority;Period;Deadline;WCET;FPS Deadline Miss;FPS Regular Completions;FPS Preemptions;Less;EDF Deadline Miss;EDF Regular Completions;EDF Preemptions;Utilization by work;Utilization by calculable overheads;;FPS Min Response Jitter;FPS Max Response Jitter;FPS Min Release Jitter;FPS Max Release Jitter;FPS Avarage Response Jitter;EDF Min Response Jitter;EDF Max Response Jitter;EDF Min Release Jitter;EDF Max Release Jitter;EDF Avarage Response Jitter
1;6;24000;24000;1081;0;42;0;0;0;42;0;0.04504166666666667;0.0008191666666666667;;195569;199530;4543;13180;195779;195480;200570;3645;591393;196440
2;5;29000;29000;834;0;35;0;0;0;35;0;0.028758620689655172;0.0006779310344827587;;150985;151114;4543;211558;151012;150928;151872;3645;2213116;151619
3;4;39000;39000;14850;0;26;26;5;0;26;21;0.38076923076923075;0.0005041025641025641;;2675530;3041565;4543;364889;2860294;2675472;3042498;3652;363478;2829672
4;3;45000;45000;1299;0;23;2;0;0;23;2;0.028866666666666665;0.0004368888888888889;;234810;437730;4666;3042693;250567;234754;437578;3652;4707303;251021
5;2;81000;81000;18330;0;12;29;0;0;12;29;0.2262962962962963;0.00024271604938271607;;3505262;6792350;4543;3279952;5161607;3505103;6792840;3666;3278578;5161669
6;1;84000;84000;15608;0;12;33;5;0;12;28;0.1858095238095238;0.00023404761904761908;;2970663;6459555;659914;6946173;5687693;2970512;6455693;659752;6944639;5568690
;;1000000;;;;;90;;;;80;0.8955420048980394;0.0029148528225712137;0.8984568577206106
;;;;;;;0.1111111111111111;;;;;
