ID;Priority;Period;Deadline;WCET;FPS Deadline Miss;FPS Regular Completions;FPS Preemptions;Less;EDF Deadline Miss;EDF Regular Completions;EDF Preemptions;Utilization by work;Utilization by calculable overheads;;FPS Min Response Jitter;FPS Max Response Jitter;FPS Min Release Jitter;FPS Max Release Jitter;FPS Avarage Response Jitter;EDF Min Response Jitter;EDF Max Response Jitter;EDF Min Release Jitter;EDF Max Release Jitter;EDF Avarage Response Jitter
1;6;20000;20000;1648;0;50;0;0;0;50;0;0.0824;0.0009830000000000001;;297637;297673;4543;13180;297665;297548;298527;3645;356544;298418
2;5;50000;50000;5379;0;20;0;-4;0;20;4;0.10758;0.0003932;;969707;973804;4543;313626;970542;969623;1278626;3666;5078315;1031841
3;4;54000;54000;255;0;19;0;0;0;19;0;0.004722222222222222;0.00036407407407407406;;46758;46788;4543;1285633;46776;46701;47645;3645;6417201;46979
4;3;70000;70000;43024;0;14;56;22;0;14;34;0.6146285714285714;0.00028085714285714286;;9391568;9701591;4543;1334667;9546448;8364454;9349633;3666;1333275;8590270
5;2;86000;86000;3406;0;12;1;0;0;12;1;0.039604651162790695;0.00022860465116279072;;614344;919306;4543;10728452;640149;614260;919162;3666;9700338;640524
6;1;95000;95000;4496;0;11;5;1;0;11;4;0.04732631578947368;0.00020694736842105264;;810629;2089175;305993;11650032;1155109;810571;2088946;305804;10321376;1010438
;;1000000;;;;;62;;;;43;0.896261760603058;0.0024566832365150604;0.898718443839573
;;;;;;;0.3064516129032258;;;;;
