ID;Priority;Period;Deadline;WCET;FPS Deadline Miss;FPS Regular Completions;FPS Preemptions;Less;EDF Deadline Miss;EDF Regular Completions;EDF Preemptions;Utilization by work;Utilization by calculable overheads;;FPS Min Response Jitter;FPS Max Response Jitter;FPS Min Release Jitter;FPS Max Release Jitter;FPS Avarage Response Jitter;EDF Min Response Jitter;EDF Max Response Jitter;EDF Min Release Jitter;EDF Max Release Jitter;EDF Avarage Response Jitter
1;6;30000;30000;149;0;34;0;0;0;34;0;0.004966666666666667;0.0006553333333333334;;27679;27714;4543;13180;27708;27589;28571;3645;11962;28521
2;5;49000;49000;3814;0;21;2;0;0;21;2;0.07783673469387756;0.0004012244897959184;;687784;723596;4543;43670;691344;687779;723642;3645;4108902;692181
3;4;65000;65000;7277;0;16;7;-1;0;16;8;0.11195384615384615;0.00030246153846153845;;1311566;2010727;4543;733755;1533993;1311505;2041482;3652;3126902;1495387
4;3;75000;75000;20296;0;13;15;0;0;13;15;0.2706133333333333;0.0002621333333333334;;3656500;5709917;4543;2047595;4350449;3660586;4979564;3652;2046196;4103632
5;2;80000;80000;5266;0;13;3;1;0;13;2;0.065825;0.00024575000000000004;;949348;2303308;4543;5741397;1160787;949291;984956;3666;7451259;955817
6;1;94000;94000;34370;2;10;38;17;0;11;21;0.3656382978723404;0.00020914893617021279;;9228920;14941866;4543;6693248;12762746;6228017;10625788;3666;6691793;7801414
;;1000000;;;;;65;;;;48;0.896833878720064;0.0020760516310943367;0.8989099303511584
;;;;;;;0.26153846153846155;;;;;
