ID;Priority;Period;Deadline;WCET;FPS Deadline Miss;FPS Regular Completions;FPS Preemptions;Less;EDF Deadline Miss;EDF Regular Completions;EDF Preemptions;Utilization by work;Utilization by calculable overheads;;FPS Min Response Jitter;FPS Max Response Jitter;FPS Min Release Jitter;FPS Max Release Jitter;FPS Avarage Response Jitter;EDF Min Response Jitter;EDF Max Response Jitter;EDF Min Release Jitter;EDF Max Release Jitter;EDF Avarage Response Jitter
1;6;22000;22000;6576;0;46;0;0;0;46;0;0.2989090909090909;0.0008936363636363637;;1185266;1193288;4543;13180;1187192;1185179;1194466;3645;11962;1188217
2;5;49000;49000;1689;0;21;1;0;0;21;1;0.03446938775510204;0.0004012244897959184;;305049;1497680;4543;1201255;362052;305044;1498439;3652;4397793;362928
3;4;59000;59000;3273;0;17;2;2;0;17;0;0.05547457627118644;0.00033322033898305084;;590374;1783518;4649;1508606;731431;590286;594571;3652;2905907;591226
4;3;66000;66000;9423;0;15;7;-2;0;15;9;0.14277272727272727;0.0002978787878787879;;1698183;2299776;1193589;2101258;1844246;1698016;3203354;1193428;2629671;2101972
5;2;67000;67000;454;0;15;0;-2;0;15;2;0.006776119402985075;0.0002934328358208955;;82577;82712;558737;3801779;82610;82520;1279317;702842;8640105;242204
6;1;89000;89000;31851;2;11;50;11;0;11;39;0.357876404494382;0.0002208988764044944;;12017355;13210964;11610;3886744;12348188;8127626;11623318;15613;3885391;9823774
;;1000000;;;;;60;;;;51;0.8962783061054738;0.0024402916925195107;0.8987185977979932
;;;;;;;0.15;;;;;
