ID;Priority;Period;Deadline;WCET;FPS Deadline Miss;FPS Regular Completions;FPS Preemptions;Less;EDF Deadline Miss;EDF Regular Completions;EDF Preemptions;Utilization by work;Utilization by calculable overheads;;FPS Min Response Jitter;FPS Max Response Jitter;FPS Min Release Jitter;FPS Max Release Jitter;FPS Avarage Response Jitter;EDF Min Response Jitter;EDF Max Response Jitter;EDF Min Release Jitter;EDF Max Release Jitter;EDF Avarage Response Jitter
1;4;57000;57000;2204;0;18;0;0;0;18;0;0.03866666666666667;0.00034491228070175444;;397835;401809;4543;11428;398081;397745;402717;3666;4871891;398461
2;3;69000;69000;4535;0;15;1;0;0;15;1;0.06572463768115942;0.00028492753623188407;;817647;1222790;4543;412072;845212;817557;1223550;3666;7195515;845650
3;2;74000;74000;19088;0;14;8;5;0;14;3;0.25794594594594594;0.00026567567567567567;;3438957;4672890;4543;1231936;3820202;3438900;4669622;3666;6048677;3588569
4;1;83000;83000;44483;1;12;27;20;0;12;7;0.5359397590361445;0.0002368674698795181;;8012986;13094517;4543;4673167;11047231;8012930;11868843;3666;4672078;8543161
;;1000000;;;;;36;;;;11;0.8982770093299166;0.0011323829624888323;0.8994093922924055
;;;;;;;0.6944444444444444;;;;;
