ID;Priority;Period;Deadline;WCET;FPS Deadline Miss;FPS Regular Completions;FPS Preemptions;Less;EDF Deadline Miss;EDF Regular Completions;EDF Preemptions;Utilization by work;Utilization by calculable overheads;;FPS Min Response Jitter;FPS Max Response Jitter;FPS Min Release Jitter;FPS Max Release Jitter;FPS Avarage Response Jitter;EDF Min Response Jitter;EDF Max Response Jitter;EDF Min Release Jitter;EDF Max Release Jitter;EDF Avarage Response Jitter
1;4;40000;40000;1060;0;25;0;0;0;25;0;0.0265;0.0004915000000000001;;191796;191831;4543;11428;191824;191706;192684;3645;3328345;192365
2;3;66000;66000;2613;0;16;1;-1;0;15;2;0.03959090909090909;0.0002978787878787879;;471443;671102;4543;206033;483948;471352;674526;3666;8008292;498686
3;2;87000;87000;67222;0;11;33;16;0;11;17;0.7726666666666666;0.0002259770114942529;;12786611;13468198;4543;679693;12977987;12311973;12799640;3666;678583;12465405
4;1;97000;97000;5760;0;10;4;2;0;10;2;0.05938144329896907;0.00020268041237113404;;1038268;1716144;4543;13468521;1145894;1038216;1715887;3666;12992850;1106510
;;1000000;;;;;38;;;;21;0.8981390190565448;0.0012180362117441747;0.899357055268289
;;;;;;;0.4473684210526316;;;;;
