ID;Priority;Period;Deadline;WCET;FPS Deadline Miss;FPS Regular Completions;FPS Preemptions;Less;EDF Deadline Miss;EDF Regular Completions;EDF Preemptions;Utilization by work;Utilization by calculable overheads;;FPS Min Response Jitter;FPS Max Response Jitter;FPS Min Release Jitter;FPS Max Release Jitter;FPS Avarage Response Jitter;EDF Min Response Jitter;EDF Max Response Jitter;EDF Min Release Jitter;EDF Max Release Jitter;EDF Avarage Response Jitter
1;4;27000;27000;9776;0;37;1;0;0;37;1;0.36207407407407405;0.0007281481481481481;;1761613;1769496;4543;11428;1762818;1761523;1771040;3645;10514;1763805
2;3;67000;67000;21588;0;15;19;-1;0;15;20;0.3222089552238806;0.0002934328358208955;;5658189;7435792;4543;1775850;6133682;5658128;7436587;3666;1774754;6252378
3;2;85000;85000;2560;0;12;1;0;0;12;1;0.03011764705882353;0.00023129411764705881;;461911;2231479;4543;7436976;609403;461855;2231167;3666;7435608;609507
4;1;87000;87000;15950;1;12;17;6;0;12;11;0.18333333333333332;0.0002259770114942529;;4642620;10778050;4543;7901163;8065324;2877843;10309455;3666;7899814;5441399
;;1000000;;;;;38;;;;33;0.8977340096901116;0.0014788521131103552;0.899212861803222
;;;;;;;0.13157894736842105;;;;;
