ID;Priority;Period;Deadline;WCET;FPS Deadline Miss;FPS Regular Completions;FPS Preemptions;Less;EDF Deadline Miss;EDF Regular Completions;EDF Preemptions;Utilization by work;Utilization by calculable overheads;;FPS Min Response Jitter;FPS Max Response Jitter;FPS Min Release Jitter;FPS Max Release Jitter;FPS Avarage Response Jitter;EDF Min Response Jitter;EDF Max Response Jitter;EDF Min Release Jitter;EDF Max Release Jitter;EDF Avarage Response Jitter
1;4;38000;38000;1055;0;27;0;0;0;27;0;0.027763157894736844;0.0005173684210526316;;190895;190930;4543;11428;190922;190805;194955;3645;3699930;191560
2;3;59000;59000;37920;0;17;18;9;0;17;9;0.6427118644067796;0.00033322033898305084;;7029149;7227815;4543;205132;7044893;6835091;7038475;3666;817754;6942630
3;2;66000;66000;14465;0;15;7;3;0;15;4;0.21916666666666668;0.0002978787878787879;;2606213;9841893;4543;7237645;3611621;2606129;9648162;3666;7041844;3103796
4;1;100000;100000;830;0;10;0;0;0;10;0;0.0083;0.0001966;;150402;150407;473524;9846080;150404;150348;150350;473622;9844143;150348
;;1000000;;;;;25;;;;13;0.897941688968183;0.0013450675479144704;0.8992867565160976
;;;;;;;0.48;;;;;
