ID;Priority;Period;Deadline;WCET;FPS Deadline Miss;FPS Regular Completions;FPS Preemptions;Less;EDF Deadline Miss;EDF Regular Completions;EDF Preemptions;Utilization by work;Utilization by calculable overheads;;FPS Min Response Jitter;FPS Max Response Jitter;FPS Min Release Jitter;FPS Max Release Jitter;FPS Avarage Response Jitter;EDF Min Response Jitter;EDF Max Response Jitter;EDF Min Release Jitter;EDF Max Release Jitter;EDF Avarage Response Jitter
1;4;50000;50000;2112;0;20;0;0;0;20;0;0.04224;0.0003932;;381277;381310;4543;11428;381304;381187;385456;3666;3287301;381861
2;3;62000;62000;7265;0;17;3;2;0;16;1;0.1171774193548387;0.0003170967741935484;;1309402;1698633;4543;395514;1378727;1309313;1699432;3652;4494905;1335106
3;2;75000;75000;35077;0;13;14;11;0;13;3;0.46769333333333335;0.0002621333333333334;;6318850;8028038;4543;1707133;7208665;6318797;7644404;3666;3081790;6527322
4;1;87000;87000;23583;1;11;14;7;0;12;7;0.27106896551724136;0.0002259770114942529;;4248525;12668601;4543;8028259;7620079;4248471;10968231;3666;8027172;5159816
;;1000000;;;;;31;;;;11;0.8981797182054134;0.0011984071190211348;0.8993781253244345
;;;;;;;0.6451612903225806;;;;;
