ID;Priority;Period;Deadline;WCET;FPS Deadline Miss;FPS Regular Completions;FPS Preemptions;Less;EDF Deadline Miss;EDF Regular Completions;EDF Preemptions;Utilization by work;Utilization by calculable overheads;;FPS Min Response Jitter;FPS Max Response Jitter;FPS Min Release Jitter;FPS Max Release Jitter;FPS Avarage Response Jitter;EDF Min Response Jitter;EDF Max Response Jitter;EDF Min Release Jitter;EDF Max Release Jitter;EDF Avarage Response Jitter
1;4;44000;44000;2197;0;23;0;0;0;23;0;0.04993181818181818;0.00044681818181818185;;396577;400534;4543;11428;396773;396487;400763;3652;3361627;397163
2;3;46000;46000;3995;0;22;2;2;0;22;0;0.08684782608695653;0.0004273913043478261;;720441;1124880;4543;410814;757563;720351;725557;3645;3209129;721527
3;2;73000;73000;45487;0;13;31;14;0;13;17;0.6231095890410959;0.0002693150684931507;;9325321;10056963;4543;1133472;9507567;8202103;9334155;3666;1132363;8841408
4;1;96000;96000;13253;0;10;8;1;0;10;7;0.13805208333333333;0.00020479166666666668;;2387935;12853521;4543;10461930;5567784;2387884;11729891;3666;10460184;5415441
;;1000000;;;;;41;;;;24;0.8979413166432039;0.0013483162213258255;0.8992896328645297
;;;;;;;0.4146341463414634;;;;;
