ID;Priority;Period;Deadline;WCET;FPS Deadline Miss;FPS Regular Completions;FPS Preemptions;Less;EDF Deadline Miss;EDF Regular Completions;EDF Preemptions;Utilization by work;Utilization by calculable overheads;;FPS Min Response Jitter;FPS Max Response Jitter;FPS Min Release Jitter;FPS Max Release Jitter;FPS Avarage Response Jitter;EDF Min Response Jitter;EDF Max Response Jitter;EDF Min Release Jitter;EDF Max Release Jitter;EDF Avarage Response Jitter
1;4;29000;29000;4657;0;35;0;0;0;35;0;0.16058620689655173;0.0006779310344827587;;839609;847538;4543;11428;840424;839519;848687;3645;10514;841279
2;3;52000;52000;3326;0;20;3;0;0;20;3;0.06396153846153846;0.00037807692307692314;;599945;1451541;4543;853846;727826;599857;1452372;3652;1992625;727960
3;2;53000;53000;18946;0;19;12;-2;0;19;14;0.35747169811320756;0.0003709433962264151;;3413301;4264889;4543;1456090;3949684;3413293;4265006;3652;2240768;4039221
4;1;81000;81000;25550;1;12;37;14;0;12;23;0.3154320987654321;0.00024271604938271607;;10324644;10932038;4543;4871755;10375530;5458002;10329382;3666;4870669;7821306
;;1000000;;;;;52;;;;40;0.8974515422367298;0.001669667403168813;0.8991212096398986
;;;;;;;0.23076923076923078;;;;;
