ID;Priority;Period;Deadline;WCET;FPS Deadline Miss;FPS Regular Completions;FPS Preemptions;Less;EDF Deadline Miss;EDF Regular Completions;EDF Preemptions;Utilization by work;Utilization by calculable overheads;;FPS Min Response Jitter;FPS Max Response Jitter;FPS Min Release Jitter;FPS Max Release Jitter;FPS Avarage Response Jitter;EDF Min Response Jitter;EDF Max Response Jitter;EDF Min Release Jitter;EDF Max Release Jitter;EDF Avarage Response Jitter
1;4;16000;16000;986;0;63;0;0;0;63;0;0.061625;0.00122875;;178468;182495;4543;11428;179048;178378;183579;3652;1467723;179341
2;3;17000;17000;609;0;59;0;0;0;59;0;0.035823529411764705;0.0011564705882352942;;110486;110521;4543;192705;110504;110396;111378;3652;1538850;110869
3;2;19000;19000;3713;0;53;19;12;0;53;7;0.19542105263157894;0.0010347368421052632;;669565;973301;4543;305410;725971;669507;860068;3652;1519680;693526
4;1;31000;31000;18628;0;32;112;52;0;32;60;0.6009032258064516;0.0006341935483870968;;4332986;5317130;4543;977364;4662585;3368727;4349684;3666;976277;4013713
;;1000000;;;;;131;;;;67;0.8937728078497953;0.004054150978727654;0.8978269588285229
;;;;;;;0.48854961832061067;;;;;
