ID;Priority;Period;Deadline;WCET;FPS Deadline Miss;FPS Regular Completions;FPS Preemptions;Less;EDF Deadline Miss;EDF Regular Completions;EDF Preemptions;Utilization by work;Utilization by calculable overheads;;FPS Min Response Jitter;FPS Max Response Jitter;FPS Min Release Jitter;FPS Max Release Jitter;FPS Avarage Response Jitter;EDF Min Response Jitter;EDF Max Response Jitter;EDF Min Release Jitter;EDF Max Release Jitter;EDF Avarage Response Jitter
1;6;33000;33000;6853;0;31;0;0;0;31;0;0.20766666666666667;0.0005957575757575758;;1235127;1240766;4543;13180;1236963;1235039;1240998;3652;796711;1237732
2;5;36000;36000;5722;0;28;2;2;0;28;0;0.15894444444444444;0.0005461111111111111;;1031451;2278722;4543;1251116;1120898;1031446;1039818;3666;1571818;1033142
3;4;45000;45000;7322;0;22;6;3;0;22;3;0.1627111111111111;0.0004368888888888889;;1319684;3601417;5283;2284870;1631398;1319598;2568050;4408;2903616;1490437
4;3;45000;45000;3401;0;22;5;2;0;22;3;0.07557777777777777;0.0004368888888888889;;613413;2895475;1328058;3609845;877315;613355;1860186;4426;3960167;727238
5;2;78000;78000;4378;0;13;3;1;0;13;2;0.05612820512820513;0.00025205128205128206;;789394;5015540;4543;4222606;1509480;789338;5015949;3666;4221593;1455847
6;1;81000;81000;19045;1;12;28;7;0;12;21;0.23512345679012345;0.00024271604938271607;;3431206;12672151;4543;5014390;8346259;3431148;8902994;3666;5013394;6968525
;;1000000;;;;;44;;;;29;0.8961516619183286;0.0025104137960804632;0.898662075714409
;;;;;;;0.3409090909090909;;;;;
