ID;Priority;Period;Deadline;WCET;FPS Deadline Miss;FPS Regular Completions;FPS Preemptions;Less;EDF Deadline Miss;EDF Regular Completions;EDF Preemptions;Utilization by work;Utilization by calculable overheads;;FPS Min Response Jitter;FPS Max Response Jitter;FPS Min Release Jitter;FPS Max Release Jitter;FPS Avarage Response Jitter;EDF Min Response Jitter;EDF Max Response Jitter;EDF Min Release Jitter;EDF Max Release Jitter;EDF Avarage Response Jitter
1;6;13000;13000;3244;0;77;0;0;0;77;0;0.24953846153846154;0.0015123076923076926;;585155;589906;4543;13180;585541;585067;591278;3645;11962;586375
2;5;26000;26000;1807;0;39;0;0;0;39;0;0.0695;0.0007561538461538463;;326365;331150;593351;601144;326583;326274;331541;593130;599746;326529
3;4;64000;64000;6817;0;16;8;0;0;16;8;0.106515625;0.0003071875;;1228637;2155106;4543;929727;1608265;1228580;2155846;3666;3806841;1650018
4;3;86000;86000;9487;0;12;11;-2;0;12;13;0.1103139534883721;0.00022860465116279072;;1709596;3225126;4567;2160436;2308431;1709539;4461522;3672;2857795;2668176
5;2;91000;91000;29815;0;11;47;9;0;11;38;0.32763736263736265;0.00021604395604395604;;7812899;12873425;593349;4465103;10720224;7482087;9641584;593128;4463666;8329616
6;1;96000;96000;3031;1;11;1;-1;0;11;2;0.031572916666666666;0.00020479166666666668;;546733;12498075;3874985;15027354;1633279;546749;1139161;3873529;12870886;654449
;;1000000;;;;;67;;;;61;0.8950783193308629;0.003225089312334952;0.8983034086431979
;;;;;;;0.08955223880597014;;;;;
