ID;Priority;Period;Deadline;WCET;FPS Deadline Miss;FPS Regular Completions;FPS Preemptions;Less;EDF Deadline Miss;EDF Regular Completions;EDF Preemptions;Utilization by work;Utilization by calculable overheads;;FPS Min Response Jitter;FPS Max Response Jitter;FPS Min Release Jitter;FPS Max Release Jitter;FPS Avarage Response Jitter;EDF Min Response Jitter;EDF Max Response Jitter;EDF Min Release Jitter;EDF Max Release Jitter;EDF Avarage Response Jitter
1;6;28000;28000;1904;0;36;0;0;0;36;0;0.068;0.0007021428571428571;;343707;347736;4543;13180;344059;343618;348825;3652;11962;344894
2;5;32000;32000;2659;0;32;0;0;0;32;0;0.08309375;0.000614375;;479756;483708;4543;359696;480256;479751;484845;3652;437684;481032
3;4;33000;33000;4359;0;31;7;3;0;31;4;0.1320909090909091;0.0005957575757575758;;785990;1273279;4543;841751;879216;785905;1145989;3645;1634301;833186
4;3;43000;43000;4990;0;23;11;-1;0;23;12;0.11604651162790698;0.00045720930232558143;;899672;2044304;4543;1630106;1122392;899615;2044568;3652;1628714;1157398
5;2;73000;73000;18976;0;14;41;-1;0;14;42;0.25994520547945205;0.0002693150684931507;;4563331;6444489;4543;2532112;5593389;4563073;6444821;3652;2530736;5618796
6;1;98000;98000;23175;1;10;34;4;0;10;30;0.2364795918367347;0.0002006122448979592;;5803253;13467578;4543;7584615;10043027;5802869;11771597;3666;7583232;7971825
;;1000000;;;;;93;;;;88;0.8956559680350028;0.0028394120486171246;0.89849538008362
;;;;;;;0.053763440860215055;;;;;
