ID;Priority;Period;Deadline;WCET;FPS Deadline Miss;FPS Regular Completions;FPS Preemptions;Less;EDF Deadline Miss;EDF Regular Completions;EDF Preemptions;Utilization by work;Utilization by calculable overheads;;FPS Min Response Jitter;FPS Max Response Jitter;FPS Min Release Jitter;FPS Max Release Jitter;FPS Avarage Response Jitter;EDF Min Response Jitter;EDF Max Response Jitter;EDF Min Release Jitter;EDF Max Release Jitter;EDF Avarage Response Jitter
1;6;11000;11000;1159;0;91;0;0;0;91;0;0.10536363636363637;0.0017872727272727274;;209611;213641;4543;13180;210097;209522;214730;3645;11962;210951
2;5;26000;26000;2587;0;39;7;-1;0;39;8;0.0995;0.0007561538461538463;;466768;685029;4543;225600;506128;466679;685715;3645;932655;512263
3;4;45000;45000;4071;0;23;10;1;0;23;9;0.09046666666666667;0.0004368888888888889;;734127;1425173;4668;694585;892328;734072;1425100;3652;2662440;883187
4;3;57000;57000;1367;0;18;2;-1;0;18;3;0.023982456140350876;0.00034491228070175444;;247046;935116;4543;1430989;297387;246993;988343;3666;4970234;312436
5;2;67000;67000;19977;0;15;58;6;0;15;52;0.2981641791044776;0.0002934328358208955;;4036801;6197624;4543;1680488;5348840;4036748;5943857;3666;1679118;5007857
6;1;69000;69000;19084;0;15;56;15;0;15;41;0.27657971014492755;0.00028492753623188407;;4346631;6030168;4567;6407975;5203796;3659942;5779167;3672;6405881;4461763
;;1000000;;;;;133;;;;113;0.894056648420059;0.003903588115069997;0.897960236535129
;;;;;;;0.15037593984962405;;;;;
